source,target,weight,negative_share
player_hulk,player_kaio_jorge,132,0.5378787878787878
player_fabricio_bruno,player_hulk,104,0.6442307692307693
player_cassio,player_hulk,90,0.6666666666666666
player_cassio,player_gabriel_barbosa,73,0.5205479452054794
player_everson,player_hulk,73,0.6438356164383562
player_gabriel_barbosa,player_hulk,58,0.4827586206896552
player_dudu,player_lyanco,57,0.7719298245614035
player_gerson,player_hulk,56,0.5714285714285714
player_dudu,player_gabriel_barbosa,52,0.7884615384615384
coach_cuca,coach_leonardo_jardim,44,0.38636363636363635
player_dudu,player_hulk,43,0.6976744186046512
player_cassio,player_gerson,42,0.6904761904761905
player_fabricio_bruno,player_gabriel_barbosa,41,0.4878048780487805
player_cassio,player_everson,36,0.5833333333333334
player_cassio,player_fabricio_bruno,33,0.3333333333333333
player_cassio,player_dudu,32,0.6875
player_bruno_rodrigues,player_everson,30,0.9333333333333333
player_fabricio_bruno,player_lyanco,29,0.7241379310344828
player_hulk,player_lyanco,28,0.7857142857142857
player_gabriel_barbosa,player_lyanco,27,0.6666666666666666
player_hulk,player_lucas_romero,24,0.5416666666666666
player_everson,player_kaio_jorge,24,0.75
player_kaio_jorge,player_matheus_pereira,22,0.4090909090909091
player_dudu,player_fabricio_bruno,21,0.7142857142857143
player_gustavo_scarpa,player_hulk,19,0.631578947368421
player_fabricio_bruno,player_kaio_jorge,19,0.21052631578947367
player_gerson,player_kaio_jorge,19,0.42105263157894735
player_cassio,player_kaio_jorge,18,0.3333333333333333
player_everson,player_gerson,18,0.7777777777777778
player_christian,player_everson,16,0.6875
coach_cuca,player_fabricio_bruno,16,0.375
player_gabriel_barbosa,player_kaio_jorge,16,0.5625
coach_leonardo_jardim,player_fabricio_bruno,16,0.25
player_hulk,player_tomas_cuello,15,0.3333333333333333
player_ivan_roman,player_kaio_jorge,14,0.9285714285714286
player_cassio,player_lucas_silva,14,0.6428571428571429
coach_leonardo_jardim,management_pedro_lourenco,14,0.07142857142857142
player_dudu,player_gustavo_scarpa,12,0.5833333333333334
coach_cuca,player_hulk,11,0.7272727272727273
player_lyanco,player_renan_lodi,11,0.9090909090909091
player_bernard,player_hulk,11,0.36363636363636365
player_everson,player_fabricio_bruno,10,0.1
player_everson,player_lucas_romero,10,0.6
player_gerson,player_matheus_pereira,10,0.5
coach_tite,player_cassio,9,0.8888888888888888
player_kaio_jorge,player_keny_arroyo,9,0.6666666666666666
player_dudu,player_kaio_jorge,9,0.8888888888888888
player_gabriel_barbosa,player_matheus_pereira,8,0.375
player_cassio,player_william,8,0.625
player_cassio,player_christian,8,0.125
coach_cuca,player_guilherme_arana,8,0.625
player_hulk,player_renan_lodi,8,0.25
player_cassio,player_lucas_romero,8,0.25
player_gustavo_scarpa,player_lyanco,7,0.5714285714285714
player_cassio,player_matheus_henrique,7,0.14285714285714285
player_fabricio_bruno,player_lucas_romero,7,0.0
player_hulk,player_lucas_silva,7,0.42857142857142855
player_lucas_romero,player_lucas_silva,7,0.2857142857142857
player_lucas_silva,player_william,7,0.5714285714285714
player_fabricio_bruno,player_gerson,7,0.7142857142857143
coach_leonardo_jardim,player_cassio,7,0.0
player_everson,player_renan_lodi,7,0.2857142857142857
player_kaio_jorge,player_lucas_silva,7,0.2857142857142857
player_kaio_jorge,player_lucas_romero,7,0.5714285714285714
player_fabricio_bruno,player_matheus_pereira,7,0.2857142857142857
player_wanderson,player_william,7,0.7142857142857143
player_fabricio_bruno,player_guilherme_arana,6,0.16666666666666666
player_gustavo_scarpa,player_rony,6,0.6666666666666666
player_cassio,player_renan_lodi,6,0.3333333333333333
player_alan_franco,player_fabricio_bruno,6,0.16666666666666666
player_cassio,player_wanderson,6,0.6666666666666666
player_bernard,player_dudu,6,0.3333333333333333
coach_tite,player_gerson,6,0.6666666666666666
player_alan_minda,player_mateo_cassierra,6,0.5
player_hulk,player_lucas_villalba,6,0.5
player_guilherme_arana,player_gustavo_scarpa,6,0.6666666666666666
player_angelo_preciado,player_hulk,6,0.16666666666666666
player_guilherme_arana,player_hulk,6,0.5
player_bruno_rodrigues,player_kaio_jorge,6,1.0
player_fred,player_gerson,6,0.3333333333333333
player_hulk,player_matheus_pereira,6,0.3333333333333333
player_lucas_silva,player_matheus_pereira,5,0.4
coach_cuca,player_cassio,5,0.2
player_cassio,player_gustavo_scarpa,5,0.8
player_cassio,player_guilherme_arana,5,0.4
management_pedro_lourenco,player_dudu,5,0.4
player_fabricio_bruno,player_lucas_silva,5,0.0
player_christian,player_lucas_romero,5,0.4
management_pedro_lourenco,player_lucas_silva,5,0.0
player_dudu,player_rony,5,1.0
player_christian,player_kaio_jorge,5,0.2
player_lucas_silva,player_wanderson,5,0.8
player_kaio_jorge,player_william,5,0.4
player_dudu,player_everson,5,0.8
player_everson,player_guilherme_arana,5,0.2
player_fred,player_kaio_jorge,5,0.4
player_gerson,player_lucas_silva,5,0.6
player_cassio,player_matheus_pereira,5,0.2
coach_leonardo_jardim,player_guilherme_arana,5,0.6
coach_leonardo_jardim,player_gabriel_barbosa,5,1.0
player_gustavo_scarpa,player_matheus_pereira,5,0.4
coach_tite,management_pedro_lourenco,5,0.6
coach_tite,player_wanderson,5,1.0
player_kaio_jorge,player_renan_lodi,5,0.2
player_junior_alonso,player_lyanco,5,1.0
player_gerson,player_renan_lodi,5,0.4
player_angelo_preciado,player_renan_lodi,5,0.0
player_alan_minda,player_angelo_preciado,5,0.4
player_alan_franco,player_everson,4,0.25
player_christian,player_fabricio_bruno,4,0.0
player_gustavo_scarpa,player_tomas_cuello,4,0.5
management_pedro_lourenco,player_cassio,4,0.25
player_cassio,player_tomas_cuello,4,0.25
player_keny_arroyo,player_matheus_pereira,4,0.25
coach_leonardo_jardim,player_wanderson,4,0.5
coach_leonardo_jardim,player_tomas_cuello,4,0.0
player_bernard,player_gustavo_scarpa,4,0.5
management_pedro_lourenco,player_kaio_jorge,4,0.5
coach_cuca,management_paulo_pelaipe,4,0.5
player_fabricio_bruno,player_tomas_cuello,4,0.0
player_fabricio_bruno,player_william,4,0.25
coach_leonardo_jardim,player_alan_franco,4,0.5
management_pedro_lourenco,player_fabricio_bruno,4,0.5
coach_cuca,player_everson,4,0.25
player_kaio_jorge,player_ruan_tressoldi,4,0.25
management_pedro_lourenco,player_gabriel_barbosa,4,0.5
coach_tite,player_william,4,1.0
management_pedro_lourenco,player_gerson,4,0.75
player_angelo_preciado,player_cassio,4,0.0
player_angelo_preciado,player_kaio_jorge,4,0.0
player_gerson,player_matheus_henrique,4,0.0
player_christian,player_matheus_henrique,4,0.0
coach_cuca,player_dudu,4,1.0
player_angelo_preciado,player_everson,4,0.0
coach_tite,player_lucas_silva,4,0.75
player_kaio_jorge,player_lyanco,4,0.5
coach_jorge_sampaoli,player_hulk,4,0.25
player_gustavo_scarpa,player_lucas_silva,4,0.5
coach_cuca,player_alan_franco,4,0.5
player_everson,player_lucas_silva,4,0.25
player_bernard,player_fabricio_bruno,4,0.5
player_alan_franco,player_guilherme_arana,4,0.5
player_hulk,player_maycon,4,0.75
coach_leonardo_jardim,player_lucas_romero,4,0.25
player_alan_franco,player_lucas_romero,4,0.25
player_christian,player_hulk,4,0.0
player_angelo_preciado,player_bernard,3,1.0
player_matheus_pereira,player_renan_lodi,3,1.0
player_keny_arroyo,player_lyanco,3,1.0
player_bernard,player_lyanco,3,1.0
player_alan_minda,player_bernard,3,1.0
player_bernard,player_natanael,3,1.0
player_hulk,player_william,3,0.3333333333333333
player_cassio,player_lyanco,3,1.0
player_hulk,player_rubens,3,0.0
player_rubens,player_tomas_cuello,3,0.0
player_gustavo_scarpa,player_rubens,3,0.0
coach_cuca,player_gabriel_barbosa,3,1.0
coach_cuca,player_kaio_jorge,3,1.0
player_dudu,player_gerson,3,1.0
coach_leonardo_jardim,player_kaio_jorge,3,0.3333333333333333
player_gerson,player_maycon,3,0.6666666666666666
player_gerson,player_gustavo_scarpa,3,0.6666666666666666
coach_leonardo_jardim,player_hulk,3,0.6666666666666666
player_hulk,player_igor_gomes,3,0.6666666666666666
player_hulk,player_rony,3,0.3333333333333333
player_alan_minda,player_renan_lodi,3,0.3333333333333333
player_alan_minda,player_everson,3,0.3333333333333333
player_hulk,player_matheus_henrique,3,0.0
player_lucas_romero,player_lucas_villalba,3,0.6666666666666666
player_dudu,player_matheus_pereira,3,0.6666666666666666
player_angelo_preciado,player_gerson,3,0.0
coach_tite,player_hulk,3,0.6666666666666666
coach_cuca,player_tomas_cuello,3,0.3333333333333333
player_everson,player_gustavo_scarpa,3,0.3333333333333333
player_guilherme_arana,player_saravia,3,0.3333333333333333
coach_jorge_sampaoli,player_dudu,3,0.6666666666666666
player_bernard,player_renan_lodi,3,0.6666666666666666
player_lucas_romero,player_matheus_pereira,3,0.0
player_alan_franco,player_cassio,3,0.0
coach_leonardo_jardim,player_everson,3,0.0
player_guilherme_arana,player_tomas_cuello,3,0.3333333333333333
player_gabriel_menino,player_rony,3,0.6666666666666666
player_alexsander,player_gustavo_scarpa,3,1.0
player_eduardo,player_gabriel_barbosa,3,0.3333333333333333
player_tomas_cuello,player_wanderson,3,0.3333333333333333
coach_artur_jorge,management_pedro_lourenco,3,0.6666666666666666
player_guilherme_arana,player_lucas_silva,3,0.0
player_fred,player_matheus_pereira,3,0.0
player_alan_franco,player_hulk,3,0.0
player_dudu,player_marquinhos,2,1.0
coach_artur_jorge,player_kaio_jorge,2,1.0
player_gabriel_barbosa,player_gustavo_scarpa,2,1.0
player_alexsander,player_hulk,2,1.0
player_hulk,player_wanderson,2,1.0
player_guilherme_arana,player_matheus_pereira,2,0.0
player_fred,player_renan_lodi,2,0.5
player_bernard,player_mateo_cassierra,2,1.0
player_natanael,player_rubens,2,0.5
player_everson,player_gabriel_barbosa,2,0.5
player_everson,player_lyanco,2,1.0
player_mateo_cassierra,player_renan_lodi,2,0.5
player_hulk,player_ruan_tressoldi,2,0.0
player_christian,player_gerson,2,0.0
player_alan_franco,player_angelo_preciado,2,0.0
player_alan_franco,player_alan_minda,2,0.0
player_bernard,player_vitor_hugo,2,1.0
coach_leonardo_jardim,player_dudu,2,1.0
player_fabricio_bruno,player_wanderson,2,0.0
player_angelo_preciado,player_vitor_hugo,2,1.0
player_lucas_romero,player_renan_lodi,2,0.0
player_christian,player_renan_lodi,2,0.0
player_angelo_preciado,player_christian,2,0.0
player_matheus_henrique,player_renan_lodi,2,0.0
player_lucas_silva,player_matheus_henrique,2,0.5
player_kaio_jorge,player_matheus_henrique,2,0.0
player_hulk,player_jonathan_jesus,2,1.0
player_gabriel_barbosa,player_william,2,1.0
player_everson,player_matheus_henrique,2,0.0
player_angelo_preciado,player_matheus_henrique,2,0.0
player_alan_minda,player_matheus_henrique,2,0.0
player_alan_minda,player_kaio_jorge,2,0.0
player_alan_minda,player_hulk,2,0.0
player_alan_minda,player_gerson,2,0.0
player_christian,player_wanderson,2,0.5
management_pedro_lourenco,player_wanderson,2,0.5
player_christian,player_matheus_pereira,2,0.0
player_dudu,player_guilherme_arana,2,0.5
player_dudu,player_tomas_cuello,2,0.5
player_alan_minda,player_cassio,2,0.0
player_gustavo_scarpa,player_kaio_jorge,2,0.0
player_cassio,player_lucas_villalba,2,0.5
player_everson,player_wanderson,2,0.5
player_rony,player_rubens,2,0.0
player_hulk,player_junior_santos,2,1.0
player_gustavo_scarpa,player_junior_santos,2,1.0
player_guilherme_arana,player_junior_santos,2,1.0
player_alan_franco,player_keny_arroyo,2,0.5
player_alan_franco,player_igor_gomes,2,0.5
player_gerson,player_william,2,1.0
player_gerson,player_wanderson,2,1.0
player_renan_lodi,player_victor_hugo,2,0.5
coach_tite,player_kaio_jorge,2,1.0
management_pedro_lourenco,player_rubens,2,1.0
coach_cuca,player_gustavo_scarpa,2,1.0
player_dudu,player_ivan_roman,2,1.0
player_kaio_jorge,player_wanderson,2,0.5
player_christian,player_william,2,0.5
player_everson,player_rony,2,1.0
player_bernard,player_lucas_silva,2,0.0
player_gustavo_scarpa,player_renan_lodi,2,0.5
player_gustavo_scarpa,player_maycon,2,1.0
coach_leonardo_jardim,player_lucas_silva,2,0.5
player_guilherme_arana,player_lucas_romero,2,0.5
coach_cuca,player_lucas_romero,2,0.5
player_kaio_jorge,player_tomas_cuello,2,0.0
coach_leonardo_jardim,player_william,2,0.5
player_cassio,player_leo_aragao,2,1.0
player_keny_arroyo,player_wanderson,2,1.0
player_gabriel_barbosa,player_wanderson,2,1.0
player_gabriel_barbosa,player_keny_arroyo,2,1.0
coach_leonardo_jardim,player_keny_arroyo,2,1.0
player_caio_paulista,player_dudu,2,1.0
player_lucas_silva,player_saravia,2,0.0
player_gustavo_scarpa,player_saravia,2,0.0
player_everson,player_saravia,2,0.0
player_junior_alonso,player_vitor_hugo,2,0.5
player_tomas_cuello,player_william,2,0.0
player_matheus_pereira,player_william,2,0.0
player_matheus_pereira,player_tomas_cuello,2,0.0
player_lucas_silva,player_tomas_cuello,2,0.0
player_bernard,player_gerson,2,0.5
player_bernard,player_everson,2,1.0
player_bernard,player_cassio,2,1.0
player_caio_paulista,player_gabriel_menino,2,0.5
player_everson,player_matheus_pereira,2,0.5
player_fabricio_bruno,player_keny_arroyo,2,1.0
player_caio_paulista,player_rony,2,0.5
player_fagner,player_kaio_jorge,2,0.5
player_alan_minda,player_natanael,2,1.0
player_dudu,player_william,2,0.5
player_kaio_jorge,player_vitao,2,1.0
management_pedro_lourenco,player_matheus_pereira,2,0.5
player_reinier,player_vitor_hugo,2,0.0
player_fred,player_tomas_cuello,2,0.0
player_gerson,player_keny_arroyo,2,1.0
player_alan_franco,player_lyanco,1,0.0
player_alan_minda,player_vitor_hugo,1,1.0
player_fred,player_victor_hugo,1,0.0
coach_artur_jorge,player_fabricio_bruno,1,1.0
player_mateo_cassierra,player_victor_hugo,1,1.0
management_pedro_lourenco,player_keny_arroyo,1,0.0
player_bruno_rodrigues,player_ruan_tressoldi,1,1.0
player_keny_arroyo,player_otavio,1,0.0
player_bruno_rodrigues,player_fagner,1,1.0
player_fred,player_reinier,1,0.0
player_gustavo_scarpa,player_reinier,1,0.0
player_hulk,player_marquinhos,1,1.0
player_marquinhos,player_william,1,1.0
management_alexandre_mattos,management_pedro_lourenco,1,1.0
management_alexandre_mattos,player_jonathan_jesus,1,1.0
management_pedro_lourenco,player_jonathan_jesus,1,1.0
player_deyverson,player_gustavo_scarpa,1,0.0
player_cassio,player_marquinhos,1,1.0
player_gerson,player_lyanco,1,0.0
player_natanael,player_renan_lodi,1,1.0
player_kaio_jorge,player_otavio,1,1.0
player_angelo_preciado,player_natanael,1,1.0
player_fred,player_maycon,1,0.0
player_kaique_kenji,player_keny_arroyo,1,1.0
player_caio_paulista,player_natanael,1,0.0
player_gabriel_menino,player_natanael,1,0.0
player_natanael,player_rony,1,0.0
player_caio_paulista,player_gustavo_scarpa,1,1.0
player_dudu,player_gabriel_menino,1,1.0
player_gabriel_menino,player_gustavo_scarpa,1,1.0
player_matheus_pereira,player_ruan_tressoldi,1,0.0
player_alexsander,player_bernard,1,1.0
player_alexsander,player_cassio,1,1.0
player_alexsander,player_dudu,1,1.0
player_alexsander,player_everson,1,1.0
player_alexsander,player_gerson,1,1.0
player_alexsander,player_maycon,1,1.0
player_alexsander,player_renan_lodi,1,1.0
player_matheus_pereira,player_saravia,1,0.0
player_fausto_vera,player_hulk,1,1.0
coach_leonardo_jardim,player_bernard,1,1.0
coach_leonardo_jardim,player_rony,1,1.0
player_bernard,player_gabriel_barbosa,1,1.0
player_bernard,player_keny_arroyo,1,1.0
player_bernard,player_rony,1,1.0
player_bernard,player_wanderson,1,1.0
player_dudu,player_keny_arroyo,1,1.0
player_dudu,player_wanderson,1,1.0
player_gabriel_barbosa,player_rony,1,1.0
player_keny_arroyo,player_rony,1,1.0
player_rony,player_wanderson,1,1.0
coach_jorge_sampaoli,player_bernard,1,0.0
player_bernard,player_maycon,1,1.0
player_lucas_romero,player_tomas_cuello,1,0.0
player_lucas_romero,player_william,1,0.0
management_paulo_pelaipe,player_fabricio_bruno,1,1.0
management_paulo_pelaipe,player_kaio_jorge,1,1.0
management_pedro_lourenco,player_junior_alonso,1,0.0
management_pedro_lourenco,player_vitor_hugo,1,0.0
coach_cuca,player_alexsander,1,1.0
player_dudu,player_lucas_silva,1,0.0
player_dudu,player_saravia,1,0.0
player_caio_paulista,player_hulk,1,1.0
player_gabriel_barbosa,player_lucas_silva,1,1.0
player_keny_arroyo,player_lucas_silva,1,1.0
player_keny_arroyo,player_william,1,1.0
player_biel,player_leo_aragao,1,1.0
coach_leonardo_jardim,player_matheus_pereira,1,0.0
player_cassio,player_maycon,1,1.0
player_dudu,player_maycon,1,1.0
player_dudu,player_renan_lodi,1,1.0
player_everson,player_maycon,1,1.0
player_maycon,player_renan_lodi,1,1.0
player_fagner,player_lyanco,1,0.0
player_guilherme_arana,player_matheus_henrique,1,1.0
player_fausto_vera,player_gabriel_menino,1,1.0
player_fausto_vera,player_igor_gomes,1,1.0
player_fausto_vera,player_rony,1,1.0
player_gabriel_menino,player_igor_gomes,1,1.0
player_igor_gomes,player_rony,1,1.0
player_alexsander,player_guilherme_arana,1,1.0
player_alexsander,player_tomas_cuello,1,1.0
coach_cuca,player_wanderson,1,0.0
player_alan_franco,player_tomas_cuello,1,0.0
player_alan_franco,player_wanderson,1,0.0
player_everson,player_tomas_cuello,1,0.0
player_fagner,player_rony,1,1.0
player_cassio,player_fagner,1,1.0
player_fagner,player_hulk,1,0.0
player_gerson,player_igor_gomes,1,1.0
player_gustavo_scarpa,player_igor_gomes,1,1.0
player_igor_gomes,player_maycon,1,1.0
player_bernard,player_matheus_pereira,1,0.0
coach_tite,player_lucas_romero,1,0.0
management_pedro_lourenco,player_lucas_romero,1,0.0
player_cassio,player_keny_arroyo,1,1.0
coach_tite,player_dudu,1,1.0
coach_tite,player_christian,1,1.0
coach_tite,player_fabricio_bruno,1,1.0
coach_tite,player_keny_arroyo,1,1.0
player_junior_alonso,player_kaio_jorge,1,1.0
player_junior_alonso,player_renan_lodi,1,1.0
player_marquinhos,player_matheus_henrique,1,1.0
player_fagner,player_gabriel_barbosa,1,1.0
player_lyanco,player_rubens,1,1.0
player_gabriel_barbosa,player_guilherme_arana,1,1.0
player_gabriel_barbosa,player_junior_santos,1,1.0
player_guilherme_arana,player_lyanco,1,1.0
player_junior_santos,player_lyanco,1,1.0
player_junior_alonso,player_rony,1,1.0
player_angelo_preciado,player_gustavo_scarpa,1,0.0
player_angelo_preciado,player_lucas_villalba,1,0.0
player_gerson,player_lucas_villalba,1,0.0
player_gustavo_scarpa,player_lucas_villalba,1,0.0
player_kaio_jorge,player_lucas_villalba,1,0.0
player_lucas_villalba,player_renan_lodi,1,0.0
management_pedro_lourenco,player_everson,1,1.0
player_everson,player_natanael,1,1.0
player_gustavo_scarpa,player_william,1,0.0
player_biel,player_tomas_cuello,1,1.0
player_rony,player_tomas_cuello,1,1.0
coach_cuca,player_junior_alonso,1,1.0
player_guilherme_arana,player_kaio_jorge,1,0.0
coach_leonardo_jardim,player_lyanco,1,0.0
coach_leonardo_jardim,management_pedro_junio,1,0.0
management_pedro_junio,management_pedro_lourenco,1,0.0
player_kaio_jorge,player_luis_sinisterra,1,1.0
management_pedro_lourenco,player_christian,1,0.0
management_pedro_lourenco,player_william,1,0.0
player_christian,player_lucas_silva,1,0.0
player_alan_minda,player_lucas_silva,1,0.0
player_angelo_preciado,player_lucas_silva,1,0.0
player_gabriel_barbosa,player_rubens,1,1.0
player_kaiki_bruno,player_natanael,1,1.0
player_kaiki_bruno,player_rubens,1,1.0
player_kaiki_bruno,player_william,1,1.0
player_natanael,player_william,1,1.0
player_rubens,player_william,1,1.0
player_gabriel_barbosa,player_junior_alonso,1,1.0
coach_cuca,player_lyanco,1,1.0
player_fabricio_bruno,player_jonathan_jesus,1,1.0
player_dudu,player_matheus_henrique,1,1.0
player_lucas_silva,player_renan_lodi,1,0.0
player_lucas_romero,player_mamady_cisse,1,1.0
coach_tite,player_everson,1,1.0
player_angelo_preciado,player_igor_gomes,1,1.0
player_angelo_preciado,player_mamady_cisse,1,1.0
coach_leonardo_jardim,player_kaiki_bruno,1,0.0
player_alan_franco,player_kaiki_bruno,1,0.0
player_cassio,player_kaiki_bruno,1,0.0
player_everson,player_kaiki_bruno,1,0.0
player_fabricio_bruno,player_kaiki_bruno,1,0.0
player_guilherme_arana,player_kaiki_bruno,1,0.0
player_kaiki_bruno,player_lucas_romero,1,0.0
coach_jorge_sampaoli,coach_leonardo_jardim,1,0.0
coach_jorge_sampaoli,player_lyanco,1,0.0
player_guilherme_arana,player_wanderson,1,0.0
management_paulo_pelaipe,player_dudu,1,1.0
player_biel,player_dudu,1,1.0
player_biel,player_hulk,1,1.0
player_biel,player_rony,1,1.0
player_bernard,player_igor_gomes,1,1.0
player_bernard,player_mamady_cisse,1,1.0
player_hulk,player_mamady_cisse,1,1.0
player_hulk,player_vitor_hugo,1,1.0
player_igor_gomes,player_mamady_cisse,1,1.0
player_igor_gomes,player_vitor_hugo,1,1.0
player_mamady_cisse,player_vitor_hugo,1,1.0
player_alan_franco,player_christian,1,0.0
player_alan_franco,player_gerson,1,0.0
player_alan_franco,player_kaio_jorge,1,0.0
player_alan_franco,player_mateo_cassierra,1,0.0
player_alan_franco,player_matheus_henrique,1,0.0
player_alan_franco,player_renan_lodi,1,0.0
player_alan_franco,player_ruan_tressoldi,1,0.0
player_alan_minda,player_christian,1,0.0
player_alan_minda,player_fabricio_bruno,1,0.0
player_alan_minda,player_lucas_romero,1,0.0
player_alan_minda,player_ruan_tressoldi,1,0.0
player_angelo_preciado,player_fabricio_bruno,1,0.0
player_angelo_preciado,player_lucas_romero,1,0.0
player_angelo_preciado,player_mateo_cassierra,1,0.0
player_angelo_preciado,player_ruan_tressoldi,1,0.0
player_cassio,player_mateo_cassierra,1,0.0
player_cassio,player_ruan_tressoldi,1,0.0
player_christian,player_mateo_cassierra,1,0.0
player_christian,player_ruan_tressoldi,1,0.0
player_everson,player_mateo_cassierra,1,0.0
player_everson,player_ruan_tressoldi,1,0.0
player_fabricio_bruno,player_mateo_cassierra,1,0.0
player_fabricio_bruno,player_matheus_henrique,1,0.0
player_fabricio_bruno,player_renan_lodi,1,0.0
player_fabricio_bruno,player_ruan_tressoldi,1,0.0
player_gerson,player_lucas_romero,1,0.0
player_gerson,player_mateo_cassierra,1,0.0
player_gerson,player_ruan_tressoldi,1,0.0
player_hulk,player_mateo_cassierra,1,0.0
player_kaio_jorge,player_mateo_cassierra,1,0.0
player_lucas_romero,player_mateo_cassierra,1,0.0
player_lucas_romero,player_matheus_henrique,1,0.0
player_lucas_romero,player_ruan_tressoldi,1,0.0
player_mateo_cassierra,player_matheus_henrique,1,0.0
player_mateo_cassierra,player_ruan_tressoldi,1,0.0
player_matheus_henrique,player_ruan_tressoldi,1,0.0
player_renan_lodi,player_ruan_tressoldi,1,0.0
player_gerson,player_vitor_hugo,1,0.0
player_bruno_rodrigues,player_cassio,1,0.0
player_bruno_rodrigues,player_gerson,1,0.0
player_cassio,player_igor_gomes,1,1.0
player_bruno_rodrigues,player_dudu,1,1.0
player_junior_alonso,player_maycon,1,1.0
player_deyverson,player_dudu,1,1.0
player_deyverson,player_lyanco,1,1.0
player_gustavo_scarpa,player_natanael,1,0.0
player_hulk,player_natanael,1,0.0
player_natanael,player_tomas_cuello,1,0.0
coach_artur_jorge,player_fred,1,0.0
player_everson,player_fred,1,0.0
coach_artur_jorge,player_gerson,1,0.0
player_reinier,player_victor_hugo,1,0.0
coach_artur_jorge,player_matheus_pereira,1,1.0
player_bernard,player_reinier,1,1.0
player_mateo_cassierra,player_reinier,1,1.0
player_gerson,player_kaique_kenji,1,1.0
player_kaio_jorge,player_kaique_kenji,1,1.0
player_guilherme_arana,player_william,1,0.0
coach_cuca,player_kaiki_bruno,1,0.0
player_lyanco,player_matheus_pereira,1,1.0
player_gabriel_barbosa,player_kaiki_bruno,1,1.0
player_gabriel_barbosa,player_natanael,1,1.0
player_lyanco,player_maycon,1,1.0
player_alan_minda,player_junior_alonso,1,1.0
player_junior_alonso,player_mateo_cassierra,1,1.0
player_kaiki_bruno,player_lyanco,1,1.0
player_alan_minda,player_maycon,1,0.0
player_mateo_cassierra,player_maycon,1,0.0
player_gabriel_barbosa,player_tomas_cuello,1,1.0
player_lyanco,player_tomas_cuello,1,1.0
player_fred,player_otavio,1,0.0
player_fred,player_gustavo_scarpa,1,0.0
player_kaique_kenji,player_matheus_pereira,1,1.0
