entity_id,canonical_name,entity_type,team,comments_post_game,comments_pre_game,negative_share_post_game,negative_share_pre_game,positive_share_post_game,positive_share_pre_game,negative_delta_pp,positive_delta_pp
coach_artur_jorge,Artur Jorge,coach,Cruzeiro,29.0,,0.6896551724137931,,0.10344827586206896,,,
coach_cuca,Cuca,coach,Atlético-MG,199.0,11.0,0.5778894472361809,0.7272727272727273,0.19597989949748743,0.18181818181818182,-14.938328003654643,1.4161717679305603
coach_eduardo_dominguez,Eduardo Domínguez,coach,Atlético-MG,9.0,,0.5555555555555556,,0.2222222222222222,,,
coach_jorge_sampaoli,Jorge Sampaoli,coach,Atlético-MG,32.0,1.0,0.46875,1.0,0.25,0.0,-53.125,25.0
coach_leonardo_jardim,Leonardo Jardim,coach,Cruzeiro,109.0,9.0,0.3302752293577982,0.3333333333333333,0.3669724770642202,0.5555555555555556,-0.30581039755351314,-18.85830784913354
coach_tite,Tite,coach,Cruzeiro,134.0,,0.664179104477612,,0.14925373134328357,,,
management_alexandre_mattos,Alexandre Mattos,management,Cruzeiro,3.0,,1.0,,0.0,,,
management_paulo_pelaipe,Paulo Pelaipe,management,Cruzeiro,4.0,,0.5,,0.25,,,
management_pedro_junio,Pedro Junio,management,Cruzeiro,1.0,,0.0,,1.0,,,
management_pedro_lourenco,Pedro Lourenço,management,Cruzeiro,226.0,1.0,0.252212389380531,1.0,0.6238938053097345,0.0,-74.7787610619469,62.38938053097345
player_alan_franco,Alan Franco,player,Atlético-MG,19.0,1.0,0.42105263157894735,0.0,0.21052631578947367,1.0,42.10526315789473,-78.94736842105263
player_alan_minda,Alan Minda,player,Atlético-MG,19.0,,0.5789473684210527,,0.15789473684210525,,,
player_alexsander,Alexsander,player,Atlético-MG,3.0,,1.0,,0.0,,,
player_angelo_preciado,Ángelo Preciado,player,Atlético-MG,15.0,,0.5333333333333333,,0.06666666666666667,,,
player_bernard,Bernard,player,Atlético-MG,124.0,1.0,0.5564516129032258,0.0,0.12903225806451613,0.0,55.64516129032258,12.903225806451612
player_biel,Biel,player,Atlético-MG,7.0,,0.7142857142857143,,0.14285714285714285,,,
player_bruno_rodrigues,Bruno Rodrigues,player,Cruzeiro,60.0,,0.85,,0.016666666666666666,,,
player_caio_paulista,Caio Paulista,player,Atlético-MG,3.0,,0.6666666666666666,,0.0,,,
player_cassio,Cássio,player,Cruzeiro,1066.0,2.0,0.549718574108818,0.0,0.14821763602251406,0.5,54.971857410881796,-35.1782363977486
player_christian,Christian,player,Cruzeiro,34.0,,0.5,,0.17647058823529413,,,
player_deyverson,Deyverson,player,Atlético-MG,2.0,,0.5,,0.0,,,
player_dudu,Dudu,player,Atlético-MG,305.0,1.0,0.5770491803278689,0.0,0.10491803278688525,0.0,57.70491803278689,10.491803278688524
player_dudu,Dudu,player,Cruzeiro,263.0,,0.7224334600760456,,0.08745247148288973,,,
player_eduardo,Eduardo,player,Cruzeiro,4.0,,0.5,,0.0,,,
player_everson,Everson,player,Atlético-MG,883.0,1.0,0.7519818799546999,0.0,0.08720271800679502,1.0,75.19818799547,-91.2797281993205
player_fabricio_bruno,Fabrício Bruno,player,Cruzeiro,678.0,8.0,0.556047197640118,0.25,0.18289085545722714,0.375,30.6047197640118,-19.210914454277287
player_fagner,Fagner,player,Cruzeiro,32.0,,0.5,,0.1875,,,
player_fausto_vera,Fausto Vera,player,Atlético-MG,2.0,,1.0,,0.0,,,
player_fred,Fred,player,Atlético-MG,318.0,2.0,0.3867924528301887,0.5,0.3553459119496855,0.0,-11.32075471698113,35.53459119496855
player_gabriel_barbosa,Gabriel Barbosa,player,Cruzeiro,735.0,,0.5741496598639456,,0.19591836734693877,,,
player_gabriel_menino,Gabriel Menino,player,Atlético-MG,13.0,,0.5384615384615384,,0.23076923076923078,,,
player_gerson,Gerson,player,Cruzeiro,383.0,,0.5378590078328982,,0.13838120104438642,,,
player_guilherme_arana,Guilherme Arana,player,Atlético-MG,97.0,9.0,0.6494845360824743,0.2222222222222222,0.1134020618556701,0.3333333333333333,42.726231386025205,-21.993127147766323
player_gustavo_scarpa,Gustavo Scarpa,player,Atlético-MG,159.0,2.0,0.4591194968553459,0.5,0.25157232704402516,0.5,-4.0880503144654075,-24.842767295597483
player_hulk,Hulk,player,Atlético-MG,3510.0,6.0,0.5478632478632479,0.3333333333333333,0.1641025641025641,0.3333333333333333,21.45299145299146,-16.92307692307692
player_igor_gomes,Igor Gomes,player,Atlético-MG,9.0,,0.7777777777777778,,0.2222222222222222,,,
player_ivan_roman,Iván Román,player,Atlético-MG,23.0,,0.9565217391304348,,0.0,,,
player_jonathan_jesus,Jonathan Jesus,player,Cruzeiro,3.0,,1.0,,0.0,,,
player_junior_alonso,Júnior Alonso,player,Atlético-MG,33.0,,0.9393939393939394,,0.030303030303030304,,,
player_junior_santos,Júnior Santos,player,Atlético-MG,3.0,,0.6666666666666666,,0.3333333333333333,,,
player_kaiki_bruno,Kaiki Bruno,player,Cruzeiro,4.0,,0.5,,0.0,,,
player_kaio_jorge,Kaio Jorge,player,Cruzeiro,1623.0,3.0,0.6531115218730745,0.0,0.12630930375847196,0.0,65.31115218730746,12.630930375847196
player_kaique_kenji,Kaique Kenji,player,Cruzeiro,2.0,,1.0,,0.0,,,
player_keny_arroyo,Keny Arroyo,player,Cruzeiro,149.0,,0.5973154362416108,,0.22818791946308725,,,
player_kevin_castano,Kevin Castaño,player,Atlético-MG,2.0,,0.5,,0.5,,,
player_leo_aragao,Léo Aragão,player,Cruzeiro,6.0,,1.0,,0.0,,,
player_lucas_romero,Lucas Romero,player,Cruzeiro,86.0,,0.47674418604651164,,0.19767441860465115,,,
player_lucas_silva,Lucas Silva,player,Cruzeiro,101.0,2.0,0.37623762376237624,0.5,0.4158415841584158,0.0,-12.376237623762377,41.584158415841586
player_lucas_villalba,Lucas Villalba,player,Cruzeiro,7.0,,0.42857142857142855,,0.2857142857142857,,,
player_luis_sinisterra,Luis Sinisterra,player,Cruzeiro,3.0,,0.3333333333333333,,0.0,,,
player_lyanco,Lyanco,player,Atlético-MG,881.0,1.0,0.7639046538024972,0.0,0.05561861520998865,1.0,76.39046538024972,-94.43813847900114
player_mamady_cisse,Mamady Cissé,player,Atlético-MG,5.0,,1.0,,0.0,,,
player_marquinhos,Marquinhos,player,Cruzeiro,2.0,,1.0,,0.0,,,
player_mateo_cassierra,Mateo Cassierra,player,Atlético-MG,15.0,,0.6,,0.2,,,
player_matheus_henrique,Matheus Henrique,player,Cruzeiro,14.0,,0.42857142857142855,,0.14285714285714285,,,
player_matheus_pereira,Matheus Pereira,player,Cruzeiro,105.0,2.0,0.5047619047619047,0.5,0.12380952380952381,0.0,0.4761904761904745,12.380952380952381
player_maycon,Maycon,player,Atlético-MG,22.0,,0.4090909090909091,,0.22727272727272727,,,
player_natanael,Natanael,player,Atlético-MG,15.0,,0.4666666666666667,,0.3333333333333333,,,
player_neyser_villarreal,Neyser Villarreal,player,Cruzeiro,1.0,,1.0,,0.0,,,
player_otavio,Otávio,player,Cruzeiro,27.0,,0.6296296296296297,,0.25925925925925924,,,
player_reinier,Reinier,player,Atlético-MG,8.0,,0.25,,0.75,,,
player_renan_lodi,Renan Lodi,player,Atlético-MG,68.0,,0.5588235294117647,,0.1323529411764706,,,
player_rony,Rony,player,Atlético-MG,44.0,2.0,0.7045454545454546,0.0,0.09090909090909091,0.5,70.45454545454545,-40.90909090909091
player_ruan_tressoldi,Ruan Tressoldi,player,Atlético-MG,8.0,,0.375,,0.25,,,
player_rubens,Rubens,player,Atlético-MG,8.0,2.0,0.625,0.0,0.125,0.5,62.5,-37.5
player_saravia,Saravia,player,Atlético-MG,3.0,,0.3333333333333333,,0.0,,,
player_tomas_cuello,Tomás Cuello,player,Atlético-MG,42.0,4.0,0.38095238095238093,0.25,0.4523809523809524,0.5,13.095238095238093,-4.761904761904762
player_victor_hugo,Victor Hugo,player,Atlético-MG,17.0,,0.35294117647058826,,0.47058823529411764,,,
player_vitao,Vitão,player,Atlético-MG,10.0,,0.7,,0.3,,,
player_vitor_hugo,Vitor Hugo,player,Atlético-MG,13.0,,0.38461538461538464,,0.6153846153846154,,,
player_walace,Walace,player,Cruzeiro,1.0,,1.0,,0.0,,,
player_wanderson,Wanderson,player,Cruzeiro,24.0,3.0,0.625,0.3333333333333333,0.16666666666666666,0.6666666666666666,29.166666666666668,-50.0
player_william,William,player,Cruzeiro,22.0,1.0,0.6818181818181818,0.0,0.09090909090909091,0.0,68.18181818181817,9.090909090909092
technical_staff_cuquinha,Cuquinha,technical_staff,Atlético-MG,2.0,,0.5,,0.0,,,
technical_staff_rodrigo_lasmar,Rodrigo Lasmar,technical_staff,Atlético-MG,1.0,,0.0,,1.0,,,
