video_id,match_id,title,description,channel_id,channel_name,published_at,period,views,likes,comment_count,url,search_query
PuLXgaAap_s,2026-09-01-cam-cru,Onde assistir ao vivo com imagem Atlético x Cruzeiro| Copa do Brasil 2026 🎥🔥,Onde assistir ao vivo com imagem Atlético-MG x Cruzeiro | Copa do Brasil 2026 CLASSICO MINEIRO #atleticomg #cruzeiro ...,UCbqEUQTg0a3gR3X_nninkKQ,Canal 7sports,2026-09-01T21:00:23Z,pre_game,150254,403,19,https://www.youtube.com/watch?v=PuLXgaAap_s,"""Atlético-MG x Cruzeiro"" 01/09/2026"
Swd-ks56epE,2026-09-01-cam-cru,ATLETICO-MG X CRUZEIRO AO VIVO COM IMAGENS - COPA DO BRASIL 2026 - ASSISTA AGORA!,aovivo #atleticomg #cruzeiro ⚽   Veja onde assistir AO VIVO Atletico mg vs Cruzeiro GOLS E MELHORES MOMENTOS ...,UC7o348w0PS8593rnIAHE1vg,Rodrigo Gamer 18,2026-09-01T18:00:06Z,pre_game,36036,86,2,https://www.youtube.com/watch?v=Swd-ks56epE,Atlético Cruzeiro pré jogo 01/09/2026
EMk472cDCZ0,2026-09-01-cam-cru,🖤CICINHO E RENATA FAN DEBATEM ATLÉTICO-MG X CRUZEIRO PELA COPA DO BRASIL 2026🖤🤍,É DECISÃO PARA O GALO! Cicinho e Renata Fan analisam o grande clássico entre Atlético-MG e Cruzeiro pela Copa do Brasil ...,UCqoMi5SnjkZFkzUhd0Bb5sw,VIBRA TORCEDOR,2026-09-01T15:08:46Z,pre_game,15539,151,14,https://www.youtube.com/watch?v=EMk472cDCZ0,"""Atlético-MG x Cruzeiro"" Copa do Brasil"
6v-1eaNWWEY,2026-09-01-cam-cru,ATLETICO-MG X CRUZEIRO AO VIVO (COM IMAGENS !!!) COPA DO BRASIL 2026 - ASSISTA AGORA!,aovivo #atleticomg #cruzeiro ⚽   Veja onde assistir AO VIVO Atletico mg vs Cruzeiro GOLS E MELHORES MOMENTOS ...,UC7o348w0PS8593rnIAHE1vg,Rodrigo Gamer 18,2026-08-30T22:01:26Z,pre_game,6356,11,0,https://www.youtube.com/watch?v=6v-1eaNWWEY,Atlético Cruzeiro pré jogo 01/09/2026
0qFrGZXx5tU,2026-09-01-cam-cru,ATLETICO-MG X CRUZEIRO AO VIVO COM IMAGENS | COPA DO BRASIL 2026 | ASSISTA JOGO AGORA!,atleticomg #cruzeiro #aovivo ⚽   Veja onde assistir AO VIVO Atletico mg vs Cruzeiro GOLS E MELHORES MOMENTOS ...,UC_6zy55DWatEXvIlkY0HKCw,RODRIGO GAMER 18 FC,2026-09-01T19:00:05Z,pre_game,1049,5,0,https://www.youtube.com/watch?v=0qFrGZXx5tU,Atlético Cruzeiro pré jogo 01/09/2026
CCv-AioMsMU,2026-09-01-cam-cru,ATLÉTICO-MG 2 X 1 CRUZEIRO | MELHORES MOMENTOS | QUARTAS COPA DO BRASIL 2026 | ge.globo,O Atlético vence o Cruzeiro por 2 a 1. O time alvinegro se classifica para a semifinal da Copa do Brasil. Confira todos os ...,UCgCKagVhzGnZcuP9bSMgMCg,ge tv,2026-09-02T02:17:37Z,post_game,3262365,54826,2745,https://www.youtube.com/watch?v=CCv-AioMsMU,"""Atlético-MG x Cruzeiro"" 01/09/2026"
zAesOWYFZfg,2026-09-01-cam-cru,ATLÉTICO-MG X CRUZEIRO | AQUECIMENTO AO VIVO | COPA DO BRASIL 2026 | #live | sportv,Você acompanha o melhor pré-jogo no Aquecimento sportv. Fique por dentro dos bastidores de Atlético-MG x Cruzeiro pela ...,UCgCKagVhzGnZcuP9bSMgMCg,ge tv,2026-09-02T00:16:56Z,post_game,3281934,24192,77,https://www.youtube.com/watch?v=zAesOWYFZfg,"""Atlético-MG x Cruzeiro"" 01/09/2026"
83wa6mUX11k,2026-09-01-cam-cru,"GALO x CRUZEIRO | COPA do BRASIL | PRÉ-JOGO, NARRAÇÃO, COLETIVA e COMEMORAÇÃO!","O GALO se classificou para as semifinais da Copa do Brasil! Na live da Galotv H2bet, você acompanha: ⭐ Participação Diego ...",UC0BhAOfmm1tJaJkPyTM9D_g,GaloTV H2bet | Atlético,2026-09-02T04:39:10Z,post_game,1449927,12159,6,https://www.youtube.com/watch?v=83wa6mUX11k,"""Atlético-MG x Cruzeiro"" 01/09/2026"
WbsPFsOSdG4,2026-09-01-cam-cru,Dublagem de Atlético Mineiro X Cruzeiro! #dublagem #atleticomineiro #cruzeiro #copadobrasil #futebol,,UCbJ0FUhM6roOzw6cM5eFPog,Gustavo Machado,2026-09-02T13:07:25Z,post_game,1493088,67141,1076,https://www.youtube.com/watch?v=WbsPFsOSdG4,"""Atlético-MG x Cruzeiro"" 01/09/2026"
4iUm7ZPPutM,2026-09-01-cam-cru,AO VIVO: ATLÉTICO X CRUZEIRO NA ITATIAIA! REACT DAS QUARTAS DE FINAL DA COPA DO BRASIL,ItatiaiaEsporte #GaloXCruzeiro #CopaDoBrasil #FutebolAoVivo #RadioItatiaia #AoVivoAgora #ArenaMRV #AtleticoMG #Cruzeiro ...,UCezhRry1J2kNRNCdNDHimNA,Itatiaia Esporte,2026-09-02T05:05:31Z,post_game,2102306,24409,37,https://www.youtube.com/watch?v=4iUm7ZPPutM,"""Atlético-MG x Cruzeiro"" 01/09/2026"
0kyErSSm9rg,2026-08-25-cru-cam,"Palpites Jogo Aberto: Cruzeiro x Atlético-MG, duelo válido pelas quartas de final da Copa de Brasil","DIA DE CLÁSSICO NA COPA DO BRASIL! Cruzeiro e Atlético-MG se enfrentam nesta terça-feira (25), pela ida das quartas de ...",UCZaOZdn-Y-I5ikrofkWBLgQ,Jogo Aberto,2026-08-25T21:00:59Z,pre_game,99218,2118,87,https://www.youtube.com/watch?v=0kyErSSm9rg,Atlético Cruzeiro pós jogo melhores momentos 25/08/2026
vFcdDHxYZ5w,2026-08-25-cru-cam,CRUZEIRO E GALO SE ENFRENTAM PELO JOGO DE IDA DAS QUARTAS DA COPA DO BRASIL | Seleção | sportv,"O Seleção Sportv traz as últimas informações para o clássico entre Cruzeiro e Atlético-MG, pelo jogo de ida das quartas de final ...",UCgCKagVhzGnZcuP9bSMgMCg,ge tv,2026-08-25T17:34:11Z,pre_game,85243,784,55,https://www.youtube.com/watch?v=vFcdDHxYZ5w,Atlético Cruzeiro pré jogo 25/08/2026
1xjC-yJ3KWw,2026-08-25-cru-cam,Onde assistir ao vivo com imagem Cruzeiro x Atlético-MG | Copa do Brasil 2026 🎥🔥,Onde assistir ao vivo com imagem Cruzeiro x Atlético-MG | Copa do Brasil 2026 #cruzeiro #atleticomg #aovivocomimagens ...,UCbqEUQTg0a3gR3X_nninkKQ,Canal 7sports,2026-08-25T21:00:22Z,pre_game,328383,1006,32,https://www.youtube.com/watch?v=1xjC-yJ3KWw,"""Cruzeiro x Atlético-MG"" 25/08/2026"
XJFOQjBuJM8,2026-08-25-cru-cam,CRUZEIRO X ATLÉTICO-MG PELA COPA DO BRASIL | NEYMAR JOGA CONTRA O PALMEIRAS? | EQUIPE F,O Equipe F desta terça-feira (25) vai trazer tudo do pré-jogo entre Cruzeiro e Atlético-MG pelas quartas de final da Copa do Brasil ...,UCw5-xj3AKqEizC7MvHaIPqA,ESPN Brasil,2026-08-25T22:20:15Z,pre_game,58873,954,2,https://www.youtube.com/watch?v=XJFOQjBuJM8,Atlético Cruzeiro pré jogo 25/08/2026
w8rn_0YD6NM,2026-08-25-cru-cam,CRUZEIRO X ATLETICO-MG AO VIVO COM IMAGENS - COPA DO BRASIL 2026 - JOGO DE HOJE!,aovivo #cruzeiro #atleticomg ⚽   Veja onde assistir AO VIVO Cruzeiro vs Atletico mg GOLS E MELHORES MOMENTOS ...,UC7o348w0PS8593rnIAHE1vg,Rodrigo Gamer 18,2026-08-25T21:00:06Z,pre_game,22486,68,3,https://www.youtube.com/watch?v=w8rn_0YD6NM,"""Cruzeiro x Atlético-MG"" 25/08/2026"
Aeh5Wca_418,2026-08-25-cru-cam,CRUZEIRO 1 X 1 ATLÉTICO-MG | MELHORES MOMENTOS | QUARTAS COPA DO BRASIL 2026 | ge.globo,Cruzeiro e Atlético ficam no empate em 1 a 1 no primeiro jogo das quartas de final da Copa do Brasil. Confira todos os ...,UCgCKagVhzGnZcuP9bSMgMCg,ge tv,2026-08-26T02:09:31Z,post_game,1709023,21931,1026,https://www.youtube.com/watch?v=Aeh5Wca_418,"""Cruzeiro x Atlético-MG"" 25/08/2026"
eoGCyyqN9TU,2026-08-25-cru-cam,CRUZEIRO X ATLÉTICO-MG | AQUECIMENTO AO VIVO | COPA DO BRASIL 2026 | #live | sportv,Você acompanha o melhor pré-jogo no Aquecimento sportv. Fique por dentro dos bastidores de Cruzeiro x Atlético-MG pela ...,UCgCKagVhzGnZcuP9bSMgMCg,ge tv,2026-08-26T00:13:00Z,post_game,1539059,14939,123,https://www.youtube.com/watch?v=eoGCyyqN9TU,"""Cruzeiro x Atlético-MG"" 25/08/2026"
czkLiJD80p8,2026-08-25-cru-cam,Dublagem de Cruzeiro X Atlético MG! #dublagem #copadobrasil #cruzeiro #atleticomineiro #futebol,,UCbJ0FUhM6roOzw6cM5eFPog,Gustavo Machado,2026-08-26T12:54:31Z,post_game,1381839,55173,1132,https://www.youtube.com/watch?v=czkLiJD80p8,"""Cruzeiro x Atlético-MG"" Copa do Brasil"
Yu4SriBkkuM,2026-08-25-cru-cam,CRUZEIRO X ATLÉTICO AO VIVO NA ITATIAIA | REACT DA COPA DO BRASIL | QUARTAS DE FINAL,Cruzeiro e Atlético se enfrentam pelas quartas de final da Copa do Brasil e você acompanha tudo sobre o superclássico Mineiro ...,UCezhRry1J2kNRNCdNDHimNA,Itatiaia Esporte,2026-08-26T04:23:05Z,post_game,789953,13797,7,https://www.youtube.com/watch?v=Yu4SriBkkuM,Atlético Cruzeiro pré jogo 25/08/2026
KC6gsi3WvII,2026-08-25-cru-cam,🔴 CRUZEIRO X ATLÉTICO-MG | COPA DO BRASIL 2026,Veja novamente a narração do jogo Cruzeiro x Atlético-MG pelas quartas de final da Copa do Brasil 2026 com a transmissão do ...,UC0WYRNtJAVUxSA9iP7kIoTA,Na Rede Oficial,2026-08-26T02:37:44Z,post_game,1805944,6727,18,https://www.youtube.com/watch?v=KC6gsi3WvII,"""Cruzeiro x Atlético-MG"" 25/08/2026"
nvMnLfiuDE4,2026-05-02-cru-cam,CLÁSSICO CHEGANDO - Cruzeiro x Atlético-MG,Clima do clássico mineiro. Cruzeiro x Atlético-MG. #cruzeiro #atleticomineiro #cabuloso #galo #cruzeirense #gerson #raposa ...,UC-q72-AfUyI2om6qGUTBSwQ,Jonathan Augusto Fut,2026-05-01T01:16:11Z,pre_game,106370,1329,115,https://www.youtube.com/watch?v=nvMnLfiuDE4,"""Cruzeiro x Atlético-MG"" 02/05/2026"
67c4IRA8dBA,2026-05-02-cru-cam,CRUZEIRO X ATLETICO-MG AO VIVO COM IMAGEM - CAMPEONATO BRASILEIRO 2026 - ASSISTA AGORA!,aovivo #cruzeiro #atleticomg ⚽   Veja onde assistir AO VIVO Cruzeiro vs Atletico mg GOLS E MELHORES MOMENTOS ...,UC7o348w0PS8593rnIAHE1vg,Rodrigo Gamer 18,2026-05-02T19:00:06Z,pre_game,40084,113,4,https://www.youtube.com/watch?v=67c4IRA8dBA,"""Cruzeiro x Atlético-MG"" 02/05/2026"
1JKa5TjJPwU,2026-05-02-cru-cam,CRUZEIRO X ATLETICO-MG AO VIVO (COM IMAGENS !!!) CAMPEONATO BRASILEIRO 2026 - ASSISTA AGORA!,aovivo #cruzeiro #atleticomg ⚽   Veja onde assistir AO VIVO Cruzeiro vs Atletico mg GOLS E MELHORES MOMENTOS ...,UC7o348w0PS8593rnIAHE1vg,Rodrigo Gamer 18,2026-04-30T22:00:06Z,pre_game,10445,78,1,https://www.youtube.com/watch?v=1JKa5TjJPwU,"""Cruzeiro x Atlético-MG"" 02/05/2026"
WmYlK-po_is,2026-05-02-cru-cam,CRUZEIRO X ATLETICO-MG AO VIVO COM IMAGEM - CAMPEONATO BRASILEIRO 2026 - JOGO DE HOJE!,aovivo #cruzeiro #atleticomg ⚽   Veja onde assistir AO VIVO Cruzeiro vs Atletico mg GOLS E MELHORES MOMENTOS ...,UC7o348w0PS8593rnIAHE1vg,Rodrigo Gamer 18,2026-05-01T19:30:06Z,pre_game,8153,49,1,https://www.youtube.com/watch?v=WmYlK-po_is,"""Cruzeiro x Atlético-MG"" 02/05/2026"
3YAjqOjA_Vc,2026-05-02-cru-cam,"JOGADORES DO GALO SE PREPARAM PARA ENFRENTAR O CRUZEIRO AMANHÃ, EM CLÁSSICO PELO BRASILEIRÃO",7K. Aposte na diversão! 18+ Jogue com responsabilidade.   https://go.aff.7k-partners.com/d2u629hj Apesar da fase de ...,UCezhRry1J2kNRNCdNDHimNA,Itatiaia Esporte,2026-05-01T11:00:13Z,pre_game,3084,62,6,https://www.youtube.com/watch?v=3YAjqOjA_Vc,Atlético Cruzeiro pré jogo 02/05/2026
RqBKYW_BiOM,2026-05-02-cru-cam,CRUZEIRO 1 X 3 ATLÉTICO-MG | MELHORES MOMENTOS | 14ª RODADA | BRASILEIRÃO 2026 | ge.globo,"Atlético vence Cruzeiro e ultrapassa o rival, em clássico com três expulsões Minda, Maycon e Cassierra marcam para o Galo; ...",UCgCKagVhzGnZcuP9bSMgMCg,ge tv,2026-05-03T02:22:00Z,post_game,1073830,24148,1438,https://www.youtube.com/watch?v=RqBKYW_BiOM,"""Cruzeiro x Atlético-MG"" 02/05/2026"
dZ5k3EdQYFk,2026-05-02-cru-cam,Dublagem de Cruzeiro X Atlético Mineiro! #dublagem #brasileirão #cruzeiro #atleticomineiro #futebol,,UCbJ0FUhM6roOzw6cM5eFPog,Gustavo Machado,2026-05-03T13:07:32Z,post_game,2979666,153475,1884,https://www.youtube.com/watch?v=dZ5k3EdQYFk,"""Cruzeiro x Atlético-MG"" 02/05/2026"
5atNztqzRQI,2026-05-02-cru-cam,CRUZEIRO X ATLÉTICO AO VIVO NA ITATIAIA | REACT DO BRASILEIRÃO 2026,cruzeiro #atleticomineiro #brasileirao #futebol É dia de Superclássico Mineiro! Cruzeiro e Atlético se enfrentam pela 14ª rodada ...,UCezhRry1J2kNRNCdNDHimNA,Itatiaia Esporte,2026-05-03T04:27:01Z,post_game,492097,9163,13,https://www.youtube.com/watch?v=5atNztqzRQI,"""Cruzeiro x Atlético-MG"" 02/05/2026"
29_HdM35VOE,2026-05-02-cru-cam,CLIMA QUENTE! 😳 Zagueiro do Atlético-MG provoca Kaio Jorge no Clássico! #atleticomineiro #cruzeiro,Confira os bastidores da rivalidade no Clássico Mineiro entre Atlético-MG e Cruzeiro pelo Brasileirão 2026. Veja o momento em ...,UCCutOJMlHtWRdHersrt2uzA,Clipes de Lance  ,2026-05-04T12:27:54Z,post_game,384538,3809,114,https://www.youtube.com/watch?v=29_HdM35VOE,Atlético Cruzeiro pós jogo melhores momentos 02/05/2026
G_v3iv4bYQU,2026-05-02-cru-cam,🐔 O MINEIRÃO É ALVINEGRO! CRUZEIRO 1 X 3 ATLÉTICO: GALO ATROPELA EM CLÁSSICO DE EXPULSÕES E RAÇA,"O bicho pegou em Belo Horizonte! Em um clássico marcado pela tensão, ""chuva"" de cartões e muita catimba, o Atlético-MG calou ...",UC0WYRNtJAVUxSA9iP7kIoTA,Na Rede Oficial,2026-05-03T02:24:46Z,post_game,385033,2157,6,https://www.youtube.com/watch?v=G_v3iv4bYQU,Atlético Cruzeiro pré jogo 02/05/2026
mM5ejVJX7uo,2026-03-08-cru-cam,CRUZEIRO X ATLETICO-MG AO VIVO COM IMAGEM - FINAL CAMPEONATO MINEIRO 2026 - JOGO DE HOJE!,aovivo #cruzeiro #atleticomg ⚽   Veja onde assistir AO VIVO Cruzeiro vs Atletico mg GOLS E MELHORES MOMENTOS ...,UC7o348w0PS8593rnIAHE1vg,Rodrigo Gamer 18,2026-03-08T18:30:06Z,pre_game,15338,91,4,https://www.youtube.com/watch?v=mM5ejVJX7uo,Atlético Cruzeiro pré jogo 08/03/2026
95bcBhb2Nsg,2026-03-08-cru-cam,CONFUSÃO ENTRE TORCIDAS DE ATLÉTICO E CRUZEIRO MARCA PRÉ-JOGO DA FINAL DO MINEIRO,"O domingo (8) será de festa, mas também de lamentação em Belo Horizonte. Isso, devido ao duelo decisivo do Campeonato ...",UC7s_0p8Y5I6DClqN_vMugPw,Itatiaia Patrulha,2026-03-08T15:17:23Z,pre_game,8390,145,31,https://www.youtube.com/watch?v=95bcBhb2Nsg,Atlético Cruzeiro pré jogo 08/03/2026
dKlyMMKb9Vg,2026-03-08-cru-cam,CRUZEIRO X ATLETICO-MG AO VIVO COM IMAGENS - FINAL CAMPEONATO MINEIRO 2026 - JOGO DE HOJE!,aovivo #cruzeiro #atleticomg ⚽   Veja onde assistir AO VIVO Cruzeiro vs Atletico mg GOLS E MELHORES MOMENTOS ...,UC7o348w0PS8593rnIAHE1vg,Rodrigo Gamer 18,2026-03-07T18:31:16Z,pre_game,6732,26,1,https://www.youtube.com/watch?v=dKlyMMKb9Vg,Atlético Cruzeiro pré jogo 08/03/2026
LAjCiKkq6NQ,2026-03-08-cru-cam,CRUZEIRO X ATLETICO-MG AO VIVO COM IMAGENS - FINAL CAMPEONATO MINEIRO 2026 - ASSISTA JOGO DE HOJE!,aovivo #cruzeiro #atleticomg ⚽   Veja onde assistir AO VIVO Cruzeiro vs Atletico mg GOLS E MELHORES MOMENTOS ...,UC7o348w0PS8593rnIAHE1vg,Rodrigo Gamer 18,2026-03-06T22:00:06Z,pre_game,4757,30,0,https://www.youtube.com/watch?v=LAjCiKkq6NQ,Atlético Cruzeiro pré jogo 08/03/2026
apHc1W0vpuI,2026-03-08-cru-cam,CRUZEIRO x ATLÉTICO-MG | Final do Mineiro 2026 | Simulação PES 21 (Gogosz Patch),"Bem-vindo ao Simulgol! Neste vídeo, trazemos a simulação de Cruzeiro x Atlético-MG, pela Final do Campeonato Mineiro 2026.",UCtZOfz5-e7f3tv1GGjOvKMQ,SimulGol,2026-03-07T20:15:00Z,pre_game,4276,0,2,https://www.youtube.com/watch?v=apHc1W0vpuI,"""Cruzeiro x Atlético-MG"" Campeonato Mineiro"
hG5FE-Hifvg,2026-03-08-cru-cam,BRIGA: CRUZEIRO X ATLÉTICO-MG REGISTRA CENAS LAMENTÁVEIS | Campeonato Mineiro | ge.globo,A final do Campeonato Mineiro 2026 entre Cruzeiro e Atlético-MG foi manchada com uma briga generalizada. Nos últimos ...,UCgCKagVhzGnZcuP9bSMgMCg,ge tv,2026-03-08T23:23:56Z,post_game,7800082,128707,15935,https://www.youtube.com/watch?v=hG5FE-Hifvg,"""Cruzeiro x Atlético-MG"" 08/03/2026"
JPSLqpvMCOY,2026-03-08-cru-cam,CRUZEIRO 1 X 0 ATLÉTICO-MG | MELHORES MOMENTOS | FINAL | CAMPEONATO MINEIRO 2026 | ge tv,"É CAMPEÃO! Com gol de Kaio Jorge, o Cruzeiro venceu o Atlético-MG por 1 a 0 e conquistou o título do Campeonato Mineiro ...",UCgCKagVhzGnZcuP9bSMgMCg,ge tv,2026-03-08T23:34:48Z,post_game,1026376,16944,1119,https://www.youtube.com/watch?v=JPSLqpvMCOY,"""Cruzeiro x Atlético-MG"" 08/03/2026"
PmsMKfh7sHA,2026-03-08-cru-cam,PARTE 2 - Leitura labial NARRADA da BRIGA na FINAL do CLÁSSICO MINEIRO | Cruzeiro x Atlético-MG,,UCc_tw_T3LHKsLKgcCcmSC2Q,VELLOSO,2026-03-11T00:54:00Z,post_game,2189686,59447,900,https://www.youtube.com/watch?v=PmsMKfh7sHA,"""Cruzeiro x Atlético-MG"" 08/03/2026"
LV094YJhngg,2026-03-08-cru-cam,BRIGA COMPLETA ATLÉTICO MINEIRO X CRUZEIRO CAMPEONATO MINEIRO 2026,BRIGA GENERALIZADA! Atlético-MG x Cruzeiro pega fogo em campo! Clima esquentou no clássico mineiro e o jogo terminou ...,UCXn4-gt-fqcLk6JQSsT8WAw,Paysandubão,2026-03-08T23:33:09Z,post_game,3224183,9807,793,https://www.youtube.com/watch?v=LV094YJhngg,"""Cruzeiro x Atlético-MG"" 08/03/2026"
6Uw2mQzdTzQ,2026-03-08-cru-cam,BRIGA GENERALIZADA NO ATLÉTICO-MG X CRUZEIRO! FINAL DO MINEIRO TERMINA EM CENAS LAMENTÁVEIS,A final do Campeonato Mineiro foi marcada por tristes cenas de briga generalizada entre os jogadores de Cruzeiro e Atlético-MG.,UCs-6sCz2LJm1PrWQN4ErsPw,TNT Sports Brasil,2026-03-09T00:26:39Z,post_game,1962617,19963,3025,https://www.youtube.com/watch?v=6Uw2mQzdTzQ,"""Cruzeiro x Atlético-MG"" 08/03/2026"
7AnKW6X2JB8,2026-01-25-cam-cru,ATLETICO-MG X CRUZEIRO AO VIVO COM IMAGENS - CAMPEONATO MINEIRO 2026 - ASSISTA AGORA!,aovivo #atleticomg #cruzeiro ⚽   Veja onde assistir AO VIVO Atletico mg vs Cruzeiro GOLS E MELHORES MOMENTOS ...,UC7o348w0PS8593rnIAHE1vg,Rodrigo Gamer 18,2026-01-24T21:30:07Z,pre_game,13402,57,7,https://www.youtube.com/watch?v=7AnKW6X2JB8,"""Atlético-MG x Cruzeiro"" 25/01/2026"
_LMhhmPcr4o,2026-01-25-cam-cru,🔥A SOBERBA PRECEDE A QUEDA! DEBATE PEGA FOGO ANTES DO CLÁSSICO ATLÉTICO-MG X CRUZEIRO!,GaloCrítico #AtléticoMG #Galo #NotíciasDoGalo #OpiniãoAtleticana No vídeo de hoje: A SOBERBA PRECEDE A QUEDA!,UC0mqR7BN4tJYzG33BaiWiwg,Galo Crítico,2026-01-23T21:34:55Z,pre_game,6315,205,58,https://www.youtube.com/watch?v=_LMhhmPcr4o,"""Atlético-MG x Cruzeiro"" Campeonato Mineiro"
cys6gWorJmc,2026-01-25-cam-cru,ATLETICO-MG X CRUZEIRO AO VIVO COM IMAGEM - CAMPEONATO MINEIRO 2026 - ASSISTA AGORA!,aovivo #atleticomg #cruzeiro ⚽   Veja onde assistir AO VIVO Atletico mg vs Cruzeiro GOLS E MELHORES MOMENTOS ...,UC7o348w0PS8593rnIAHE1vg,Rodrigo Gamer 18,2026-01-23T20:00:06Z,pre_game,4662,31,1,https://www.youtube.com/watch?v=cys6gWorJmc,"""Atlético-MG x Cruzeiro"" 25/01/2026"
cZ_AEp_zfFk,2026-01-25-cam-cru,ATLÉTICO-MG x CRUZEIRO | CAMPEONATO MINEIRO 2026 | SIMULAÇÃO PES21,ATLÉTICO-MG e CRUZEIRO duelam em clássico da 5ª rodada (CAMPEONATO MINEIRO) Obrigado Por Assistir Se Inscreva ...,UCSQAtZWBKis70w7lR2UmRRw,ZR_Gaming,2026-01-23T16:00:56Z,pre_game,1541,44,8,https://www.youtube.com/watch?v=cZ_AEp_zfFk,"""Atlético-MG x Cruzeiro"" Campeonato Mineiro"
y9v6hJyLoTU,2026-01-25-cam-cru,ATLETICO-MG X CRUZEIRO AO VIVO (COM IMAGENS !!!) CAMPEONATO MINEIRO 2026 - ASSISTA AGORA!,aovivo #atleticomg #cruzeiro ⚽   Veja onde assistir AO VIVO Atletico mg vs Cruzeiro GOLS E MELHORES MOMENTOS ...,UC7o348w0PS8593rnIAHE1vg,Rodrigo Gamer 18,2026-01-22T21:48:39Z,pre_game,2156,8,1,https://www.youtube.com/watch?v=y9v6hJyLoTU,"""Atlético-MG x Cruzeiro"" 25/01/2026"
pm2EGMeu3DQ,2026-01-25-cam-cru,ATLÉTICO-MG 2 X 1 CRUZEIRO | MELHORES MOMENTOS | CAMPEONATO MINEIRO 2026 | ge tv,Veja a narração de Jorge Iggor para os melhores momentos de Atlético-MG x Cruzeiro pelo Campeonato Mineiro.,UCgCKagVhzGnZcuP9bSMgMCg,ge tv,2026-01-25T23:35:15Z,post_game,1129669,22387,1033,https://www.youtube.com/watch?v=pm2EGMeu3DQ,"""Atlético-MG x Cruzeiro"" 25/01/2026"
MLyou1EIsd4,2026-01-25-cam-cru,Atlético Mineiro X Cruzeiro Dublado! #dublagem #atleticomineiro #cruzeiro #atleticomg #futebol,,UCbJ0FUhM6roOzw6cM5eFPog,Gustavo Machado,2026-01-26T14:25:32Z,post_game,4043379,185691,2005,https://www.youtube.com/watch?v=MLyou1EIsd4,"""Atlético-MG x Cruzeiro"" Campeonato Mineiro"
dy77eOEHIus,2026-01-25-cam-cru,JOGO COMPLETO: ATLÉTICO-MG X CRUZEIRO | CAMPEONATO MINEIRO | ge tv,"Atlético-MG e Cruzeiro duelaram em confronto da 5ª rodada (CAMPEONATO MINEIRO), e você assistiu AO VIVO e COM ...",UCgCKagVhzGnZcuP9bSMgMCg,ge tv,2026-01-25T23:48:26Z,post_game,3407645,66942,93,https://www.youtube.com/watch?v=dy77eOEHIus,"""Atlético-MG x Cruzeiro"" 25/01/2026"
f6RJD6WGV58,2026-01-25-cam-cru,ATLÉTICO-MG 2 X 1 CRUZEIRO | MELHORES MOMENTOS | 5ª RODADA | CAMPEONATO MINEIRO 2026 | ge.globo,O Atlético vence o Cruzeiro por 2 a 1. Confira todos os lances com mais replays em ge.globo: ...,UCgCKagVhzGnZcuP9bSMgMCg,ge tv,2026-01-25T23:15:24Z,post_game,487217,12534,924,https://www.youtube.com/watch?v=f6RJD6WGV58,"""Atlético-MG x Cruzeiro"" 25/01/2026"
c3QJnzC2IBc,2026-01-25-cam-cru,AO VIVO E COM IMAGENS: ATLÉTICO-MG X CRUZEIRO | RODADA 5 | CAMPEONATO MINEIRO,Pagamento antecipado com 1 gol de vantagem no Campeonato Mineiro é só na SportyBet! Acesse https://sporty.bet/ATLxCRU e ...,UCMcc9elPZGpg6eU4i3YaCpA,SportyNet,2026-01-26T00:28:17Z,post_game,613802,18766,7,https://www.youtube.com/watch?v=c3QJnzC2IBc,"""Atlético-MG x Cruzeiro"" Campeonato Mineiro"
8Br2dIQz624,2025-10-15-cam-cru,ATLETICO-MG X CRUZEIRO AO VIVO COM IMAGEM - CAMPEONATO BRASILEIRO 2025 - JOGO DE HOJE!,aovivo #atleticomg #cruzeiro ⚽   Veja onde assistir AO VIVO Atletico mg vs Cruzeiro GOLS E MELHORES MOMENTOS ...,UC7o348w0PS8593rnIAHE1vg,Rodrigo Gamer 18,2025-10-15T18:30:06Z,pre_game,13853,39,2,https://www.youtube.com/watch?v=8Br2dIQz624,"""Atlético-MG x Cruzeiro"" 15/10/2025"
vxruoynbD7I,2025-10-15-cam-cru,Atlético x Cruzeiro: Pré-jogo completo do clássico mineiro | 98 ESPORTES I - AO VIVO - 15/10/2025,"Assista à programação da Rede 98 pela tv, rádio, aplicativo e live: 98live.com.br 98,3 FM App 98 Live Canal 29 ...",UClF866E2u34LioEzDppZj9g,98 Live,2025-10-15T13:08:16Z,pre_game,11303,624,1,https://www.youtube.com/watch?v=vxruoynbD7I,Atlético Cruzeiro pré jogo 15/10/2025
XBiVFqaaGoY,2025-10-15-cam-cru,ATLETICO MG  X CRUZEIRO | BRASILEIRÃO 2025 | 28 RODADA | PES 2021 4K60FPS SIMULAÇÃO REALISTA.,SIMULAÇÃO REALISTA DE CRUZEIRO X ATLETICO MINEIRO ( PREVIA DO CLASSICO MINEIRO QUE DEVE ACONTECER NA ...,UCGCumN7Edu0LSFnt5Na4oMQ,BERLIM_PLAY,2025-10-14T11:01:06Z,pre_game,7092,134,14,https://www.youtube.com/watch?v=XBiVFqaaGoY,"""Atlético-MG x Cruzeiro"" Campeonato Brasileiro"
QaelFu0Gc7U,2025-10-15-cam-cru,Atlético-MG x Cruzeiro: Heverton Guimarães projeta clássico,"Heverton Guimarães disse o que espera do clássico entre o Atlético-MG, que busca superação, e o Cruzeiro, que tenta não ...",UCZaOZdn-Y-I5ikrofkWBLgQ,Jogo Aberto,2025-10-15T15:20:54Z,pre_game,5539,130,10,https://www.youtube.com/watch?v=QaelFu0Gc7U,"""Atlético-MG x Cruzeiro"" Campeonato Brasileiro"
hGckuJ_W7vQ,2025-10-15-cam-cru,ATLETICO-MG X CRUZEIRO AO VIVO COM IMAGEM - CAMPEONATO BRASILEIRO 2025 - ASSISTA AGORA!,aovivo #atleticomg #cruzeiro ⚽   Veja onde assistir AO VIVO Atletico mg vs Cruzeiro GOLS E MELHORES MOMENTOS ...,UC7o348w0PS8593rnIAHE1vg,Rodrigo Gamer 18,2025-10-13T20:34:41Z,pre_game,3326,12,1,https://www.youtube.com/watch?v=hGckuJ_W7vQ,"""Atlético-MG x Cruzeiro"" 15/10/2025"
RDmB8_TYld0,2025-10-15-cam-cru,Leitura labial do Kaio Jorge apertando a mão do Iván Roman no Clássico Atlético-MG x Cruzeiro,,UCc_tw_T3LHKsLKgcCcmSC2Q,VELLOSO,2025-10-16T13:37:24Z,post_game,2888798,60921,1414,https://www.youtube.com/watch?v=RDmB8_TYld0,"""Atlético-MG x Cruzeiro"" 15/10/2025"
f8MSRgTSBUY,2025-10-15-cam-cru,Atlético X Cruzeiro DUBLADO! #dublagem #brasileirão #cruzeiro #atleticomineiro #atleticomg #futebol,,UCbJ0FUhM6roOzw6cM5eFPog,Gustavo Machado,2025-10-16T13:48:48Z,post_game,2496890,104734,2023,https://www.youtube.com/watch?v=f8MSRgTSBUY,"""Atlético-MG x Cruzeiro"" 15/10/2025"
sMUmZQWTplo,2025-10-15-cam-cru,ATLÉTICO-MG 1 X 1 CRUZEIRO | MELHORES MOMENTOS | 28ª RODADA BRASILEIRÃO 2025,"Em clássico tenso, Atlético-MG e Cruzeiro ficaram na igualdade jogando na Arena MRV, em Belo Horizonte. O primeiro tempo foi ...",UCgCKagVhzGnZcuP9bSMgMCg,ge tv,2025-10-16T02:53:29Z,post_game,545727,11996,1149,https://www.youtube.com/watch?v=sMUmZQWTplo,"""Atlético-MG x Cruzeiro"" 15/10/2025"
Rdwn8VAoZYs,2025-10-15-cam-cru,GALO CONSEGUE EMPATE RELÂMPAGO EM JOGO COM POLÊMICA! ATLÉTICO-MG 1X1 CRUZEIRO | MELHORES MOMENTOS,Assista a todos os jogos ao vivo da Champions League só na HBO Max https://bit.ly/4h94ikU. Acesse o portal da TNT Sports: ...,UCs-6sCz2LJm1PrWQN4ErsPw,TNT Sports Brasil,2025-10-16T03:04:30Z,post_game,62391,421,33,https://www.youtube.com/watch?v=Rdwn8VAoZYs,"""Atlético-MG x Cruzeiro"" Campeonato Brasileiro"
M-BfjbZhy1c,2025-10-15-cam-cru,ATLÉTICO 1X1 CRUZEIRO - Veja os MELHORES MOMENTOS da partida,"Em um clássico muito quente, como de costume, Atlético e Cruzeiro empataram por 1 a 1 na noite desta quarta-feira (15/10), ...",UCx7Ohl0Ln516T5pu5M8_SMA,O TEMPO,2025-10-16T03:51:30Z,post_game,28537,267,55,https://www.youtube.com/watch?v=M-BfjbZhy1c,"""Atlético-MG x Cruzeiro"" 15/10/2025"
2bH6jURSrqE,2025-09-11-cru-cam,CRUZEIRO X ATLETICO-MG AO VIVO COM IMAGEM - COPA DO BRASIL 2025 - ASSISTA AGORA!,aovivo #cruzeiro #atleticomg ⚽   Veja onde assistir AO VIVO Cruzeiro vs Atletico mg GOLS E MELHORES MOMENTOS ...,UC7o348w0PS8593rnIAHE1vg,Rodrigo Gamer 18,2025-09-10T19:30:06Z,pre_game,44666,150,4,https://www.youtube.com/watch?v=2bH6jURSrqE,"""Cruzeiro x Atlético-MG"" 11/09/2025"
9ugOfIq_dUc,2025-09-11-cru-cam,Cruzeiro e Atlético decidem vaga na Copa do Brasil | Pré-jogo | 98 ESPORTES I - 11/09/2025,"Assista à programação da Rede 98 pela tv, rádio, aplicativo e live: 98live.com.br 98,3 FM App 98 Live Canal 29 ...",UClF866E2u34LioEzDppZj9g,98 Live,2025-09-11T13:05:34Z,pre_game,16633,941,4,https://www.youtube.com/watch?v=9ugOfIq_dUc,Atlético Cruzeiro pré jogo 11/09/2025
0WWuyfmkRQs,2025-09-11-cru-cam,CRUZEIRO X ATLETICO-MG AO VIVO COM IMAGEM - COPA DO BRASIL 2025 - JOGO DE HOJE!,aovivo #cruzeiro #atleticomg ⚽   Veja onde assistir AO VIVO Cruzeiro vs Atletico mg GOLS E MELHORES MOMENTOS ...,UC7o348w0PS8593rnIAHE1vg,Rodrigo Gamer 18,2025-09-11T14:00:17Z,pre_game,9929,30,2,https://www.youtube.com/watch?v=0WWuyfmkRQs,"""Cruzeiro x Atlético-MG"" 11/09/2025"
X5fZ7bBwQYA,2025-09-11-cru-cam,CRUZEIRO X ATLETICO-MG AO VIVO (COM IMAGENS !!!) COPA DO BRASIL 2025 - ASSISTA AGORA!,aovivo #cruzeiro #atleticomg ⚽   Veja onde assistir AO VIVO Cruzeiro vs Atletico mg GOLS E MELHORES MOMENTOS ...,UC7o348w0PS8593rnIAHE1vg,Rodrigo Gamer 18,2025-09-09T22:30:06Z,pre_game,9647,34,0,https://www.youtube.com/watch?v=X5fZ7bBwQYA,"""Cruzeiro x Atlético-MG"" 11/09/2025"
1K8CChkz7YY,2025-09-11-cru-cam,Cruzeiro x Atlético-MG | Gameplay PES 2021 | Copa do Brasil 2025 2º Jogo | 11/09/2025,"Cruzeiro x Atlético-MG, clássico mineiro decisivo pelas Quartas de Final da Copa do Brasil 2025, recriado em gameplay no PES ...",UCjj7hrZhzJmS5pDiqIW5XlQ,Noob Mundial,2025-09-10T16:00:03Z,pre_game,8804,13,0,https://www.youtube.com/watch?v=1K8CChkz7YY,"""Cruzeiro x Atlético-MG"" 11/09/2025"
dhYKOQBnq1M,2025-09-11-cru-cam,CRUZEIRO 2 x 0 ATLÉTICO-MG | MELHORES MOMENTOS | QUARTAS DE FINAL | COPA DO BRASIL 2025,"VIRA DOIS, ACABA QUATRO! ⚽ O #Cruzeiro está na semifinal da #CopadoBrasil! No #Mineirão, o Cabuloso venceu o ...",UC6RD83p2Hlum9aURp3pASeQ,Prime Video Sport Brasil,2025-09-12T00:49:05Z,post_game,1159790,20454,1729,https://www.youtube.com/watch?v=dhYKOQBnq1M,"""Cruzeiro x Atlético-MG"" 11/09/2025"
Gjw3xIhIHKI,2025-09-11-cru-cam,Cruzeiro X Atlético Mineiro DUBLADO! #dublagem #copadobrasil #cruzeiro #atleticomineiro #atleticomg,,UCbJ0FUhM6roOzw6cM5eFPog,Gustavo Machado,2025-09-12T13:32:04Z,post_game,3683829,136705,1518,https://www.youtube.com/watch?v=Gjw3xIhIHKI,"""Cruzeiro x Atlético-MG"" 11/09/2025"
RU_E9tOfMeI,2025-09-11-cru-cam,COMO FOI CRUZEIRO VS ATLÉTICO!,,UCjuoQFvSdUJu6jQQR5EqCuA,Jaum Brow,2025-09-12T20:00:18Z,post_game,4124429,60389,229,https://www.youtube.com/watch?v=RU_E9tOfMeI,"""Cruzeiro x Atlético-MG"" 11/09/2025"
wRQRVgquWfM,2025-09-11-cru-cam,CRUZEIRO 2 X 0 ATLÉTICO-MG  | MELHORES MOMENTOS | QUARTAS DE FINAL COPA DO BRASIL 2025 | ge.globo,"Kaio Jorge brilha, Cruzeiro volta a vencer Atlético-MG e vai enfrentar o Corinthians na semifinal. Artilheiro da Copa do Brasil e do ...",UCgCKagVhzGnZcuP9bSMgMCg,ge tv,2025-09-12T00:49:38Z,post_game,561846,9584,584,https://www.youtube.com/watch?v=wRQRVgquWfM,"""Cruzeiro x Atlético-MG"" 11/09/2025"
JsPND3wa69g,2025-09-11-cru-cam,💙🦊 BASTIDORES | O Cruzeiro venceu o Atlético-MG duas vezes e está na semifinal da Copa do Brasil!,TV Cruzeiro! A Nação Azul se encontra aqui. ☆ Imagens e edição: Matheus de Morais / TV CRUZEIRO ☆ SEJA SÓCIO 5 ...,UCqifkpdmE1z3VhfQoJzwpJQ,TV CRUZEIRO | Cruzeiro Esporte Clube,2025-09-13T00:28:55Z,post_game,395697,35197,1494,https://www.youtube.com/watch?v=JsPND3wa69g,"""Cruzeiro x Atlético-MG"" 11/09/2025"
j7K8LcUpI_c,2025-08-27-cam-cru,ATLÉTICO-MG X CRUZEIRO AO VIVO E COM IMAGENS DIRETO DA ARENA MRV: PRÉ-JOGO DA COPA DO BRASIL,PRÉ-JOGO NO MODO PRIME! ⚽︎ Pré-jogo com imagens exclusivas de Atlético-MG x Cruzeiro pelas quartas de final da ...,UC6RD83p2Hlum9aURp3pASeQ,Prime Video Sport Brasil,2025-08-27T22:22:11Z,pre_game,421312,2554,70,https://www.youtube.com/watch?v=j7K8LcUpI_c,"""Atlético-MG x Cruzeiro"" Copa do Brasil"
3MqmBRCIkFo,2025-08-27-cam-cru,QUAL O MELHOR ELENCO - Atlético-MG x Cruzeiro,"Qual o melhor elenco, Atlético-MG x Cruzeiro. #atletico #cruzeiro #atleticomineiro #cabuloso #copadobrasil #galo #cruzeirense ...",UC-q72-AfUyI2om6qGUTBSwQ,Jonathan Augusto Fut,2025-08-26T18:37:59Z,pre_game,218018,2419,751,https://www.youtube.com/watch?v=3MqmBRCIkFo,"""Atlético-MG x Cruzeiro"" Copa do Brasil"
jqxBb8Q-yzk,2025-08-27-cam-cru,EMPOLGADO CRUZEIRO ENCARA ATLÉTICO-MG NA COPA DO BRASIL – ANÁLISE E MELHORES ODDS I BANDPLACAR,"No BandPlacar de hoje, Bernardo Ramos e Alinne Fanelli analisam Atlético-MG x Cruzeiro, clássico mineiro que abre as quartas ...",UC896QaWKoSGdZTmy9rHyU_g,Esporte na Band,2025-08-26T17:30:06Z,pre_game,24306,84,3,https://www.youtube.com/watch?v=jqxBb8Q-yzk,"""Atlético-MG x Cruzeiro"" Copa do Brasil"
vXJ72Q6lNd8,2025-08-27-cam-cru,ATLETICO-MG X CRUZEIRO AO VIVO COM IMAGEM - COPA DO BRASIL 2025 - ASSISTA AGORA!,aovivo #atleticomg #cruzeiro ⚽   Veja onde assistir AO VIVO Atletico mg vs Cruzeiro GOLS E MELHORES MOMENTOS ...,UC7o348w0PS8593rnIAHE1vg,Rodrigo Gamer 18,2025-08-26T17:30:21Z,pre_game,13153,39,0,https://www.youtube.com/watch?v=vXJ72Q6lNd8,"""Atlético-MG x Cruzeiro"" 27/08/2025"
Ed9wU9wVt6M,2025-08-27-cam-cru,Clima de clássico ATLÉTICO MG X CRUZEIRO #react #futebol #atleticomineiro #cruzeiro,,UC8NP2dKJ-G9dVuLbSqhBPEA,Kamila e Daniel,2025-08-26T23:44:47Z,pre_game,9347,465,0,https://www.youtube.com/watch?v=Ed9wU9wVt6M,"""Atlético-MG x Cruzeiro"" Copa do Brasil"
n76ejL1ng2k,2025-08-27-cam-cru,ATLÉTICO-MG 0 x 2 CRUZEIRO | MELHORES MOMENTOS | QUARTAS DE FINAL | COPA DO BRASIL 2025,CABULOSO SAI NA FRENTE! O #Cruzeiro conseguiu um baita resultado no jogo de ida das quartas de final da ...,UC6RD83p2Hlum9aURp3pASeQ,Prime Video Sport Brasil,2025-08-28T00:36:13Z,post_game,2662968,38239,2535,https://www.youtube.com/watch?v=n76ejL1ng2k,"""Atlético-MG x Cruzeiro"" 27/08/2025"
3_JVt4nleYI,2025-08-27-cam-cru,COMO FOI ATLÉTICO VS CRUZEIRO!,,UCjuoQFvSdUJu6jQQR5EqCuA,Jaum Brow,2025-08-28T20:10:00Z,post_game,1802987,32616,189,https://www.youtube.com/watch?v=3_JVt4nleYI,"""Atlético-MG x Cruzeiro"" 27/08/2025"
P4pCcaxCu0Q,2025-08-27-cam-cru,"Leitura labial de Atlético-MG x Cruzeiro pela Copa do Brasil. Hulk, Cuca discutem com torcedores.",,UCc_tw_T3LHKsLKgcCcmSC2Q,VELLOSO,2025-08-28T13:02:06Z,post_game,837983,30494,680,https://www.youtube.com/watch?v=P4pCcaxCu0Q,"""Atlético-MG x Cruzeiro"" Copa do Brasil"
nilRjv6sF9E,2025-08-27-cam-cru,ATLÉTICO-MG 0 X 2 CRUZEIRO | MELHORES MOMENTOS | QUARTAS DE FINAL COPA DO BRASIL 2025 | ge.globo,"Dupla de Seleção marca, Cruzeiro vence Atlético-MG, dá fim a jejum e larga na frente por classificação na Copa do Brasil.",UCgCKagVhzGnZcuP9bSMgMCg,ge tv,2025-08-28T01:05:24Z,post_game,538962,9374,816,https://www.youtube.com/watch?v=nilRjv6sF9E,"""Atlético-MG x Cruzeiro"" 27/08/2025"
_cM2NeoVjyU,2025-08-27-cam-cru,ATLÉTICO-MG X CRUZEIRO - AO VIVO | COPA DO BRASIL - 27/08/2025,ATLÉTICO-MG X CRUZEIRO - AO VIVO | COPA DO BRASIL - 27/08/2025 #Atlético #copadobrasil #Cruzeiro #jogos ...,UCeCITRe4KHrRbzwqtZFDRFA,Voz do Esporte,2025-08-28T01:11:18Z,post_game,564308,2190,4,https://www.youtube.com/watch?v=_cM2NeoVjyU,"""Atlético-MG x Cruzeiro"" 27/08/2025"
FsZOJU2ayGo,2025-05-18-cru-cam,CLÁSSICO É GUERRA!🐓🔥⚔️#futebol #atleticomg #edit #classico #cruzeiro #aquiegalo,galo #atletico #atleticomineiro #atleticomg #futebol #galao #galaodamassa #maiordeminas #clubeatleticomineiro #vamogalo ...,UCyfOVVBDfkHARtam2Zlo6sQ,MD.CAM_edits,2025-05-17T18:47:42Z,pre_game,155121,6148,222,https://www.youtube.com/watch?v=FsZOJU2ayGo,"""Cruzeiro x Atlético-MG"" Campeonato Brasileiro"
KzYzCAbnQkM,2025-05-18-cru-cam,CRUZEIRO 0 X 0 ATLETICO-MG - MELHORES MOMENTOS - CAMPEONATO BRASILEIRO 2025 - ASSISTA AGORA!,aovivo #cruzeiro #atleticomg ⚽   Veja onde assistir AO VIVO Cruzeiro 0 vs 0 Atletico mg GOLS E MELHORES MOMENTOS ...,UC7o348w0PS8593rnIAHE1vg,Rodrigo Gamer 18,2025-05-18T17:30:06Z,pre_game,26713,66,12,https://www.youtube.com/watch?v=KzYzCAbnQkM,Atlético Cruzeiro pré jogo 18/05/2025
VDIOz230tJ0,2025-05-18-cru-cam,CRUZEIRO 0 X 0 ATLETICO-MG - MELHORES MOMENTOS - CAMPEONATO BRASILEIRO 2025 - ASSISTA AGORA!,aovivo #cruzeiro #atleticomg ⚽   Veja onde assistir AO VIVO Cruzeiro 0 vs 0 Atletico mg GOLS E MELHORES MOMENTOS ...,UC7o348w0PS8593rnIAHE1vg,Rodrigo Gamer 18,2025-05-17T20:00:06Z,pre_game,14309,67,1,https://www.youtube.com/watch?v=VDIOz230tJ0,Atlético Cruzeiro pré jogo 18/05/2025
p36WiAFFLTo,2025-05-18-cru-cam,"Cruzeiro x Atlético-MG AO VIVO | Onde assistir, horário e transmissão do Brasileirão 2025","O clássico mineiro vai estremecer o Mineirão neste sábado, 18 de maio, às 20h30! Cruzeiro e Atlético-MG se enfrentam em mais ...",UCnccafnoWM9CV8nSZ_DZqcQ,Hora do Jogo TV,2025-05-18T13:01:31Z,pre_game,7896,52,3,https://www.youtube.com/watch?v=p36WiAFFLTo,"""Cruzeiro x Atlético-MG"" 18/05/2025"
dNgMhWcA0Zw,2025-05-18-cru-cam,CRUZEIRO 0 X 0 ATLETICO-MG - MELHORES MOMENTOS - CAMPEONATO BRASILEIRO 2025 - ASSISTA AGORA!,aovivo #cruzeiro #atleticomg ⚽   Veja onde assistir AO VIVO Cruzeiro 0 vs 0 Atletico mg GOLS E MELHORES MOMENTOS ...,UC7o348w0PS8593rnIAHE1vg,Rodrigo Gamer 18,2025-05-16T20:00:06Z,pre_game,5700,25,0,https://www.youtube.com/watch?v=dNgMhWcA0Zw,Atlético Cruzeiro pré jogo 18/05/2025
1BYbVHNoG8E,2025-05-18-cru-cam,Cruzeiro X Atlético Mineiro Dublado! #dublagem #brasileirão #cruzeiro #atleticomineiro #atleticomg,,UCbJ0FUhM6roOzw6cM5eFPog,Gustavo Machado,2025-05-19T16:48:44Z,post_game,958366,37804,482,https://www.youtube.com/watch?v=1BYbVHNoG8E,"""Cruzeiro x Atlético-MG"" 18/05/2025"
fPgBnh1o0zg,2025-05-18-cru-cam,CRUZEIRO 0 x 0 ATLÉTICO-MG | MELHORES MOMENTOS | CAMPEONATO BRASILEIRO 2025,"No clássico mineiro que fechou a nona rodada do Brasileirão, Cruzeiro e Atlético-MG empataram sem gols diante de mais de 61 ...",UC6RD83p2Hlum9aURp3pASeQ,Prime Video Sport Brasil,2025-05-19T02:02:46Z,post_game,445909,5333,872,https://www.youtube.com/watch?v=fPgBnh1o0zg,"""Cruzeiro x Atlético-MG"" 18/05/2025"
7YCHHPwyDbU,2025-05-18-cru-cam,CRUZEIRO X ATLETICO AO VIVO COM IMAGEM - CRUZEIRO X ATLETICO AO VIVO - CAMPEONATO BRASILEIRO 2025,Cruzeiro x Atlético MG ao vivo. Transmissão ao vivo direto do MINEIRÃO pelo BRASILEIRÃO 2025. Time provável: Cássio ...,UCbqEUQTg0a3gR3X_nninkKQ,Canal 7sports,2025-05-19T02:05:18Z,post_game,749379,4916,4,https://www.youtube.com/watch?v=7YCHHPwyDbU,"""Cruzeiro x Atlético-MG"" Campeonato Brasileiro"
t7WvX-jqjkk,2025-05-18-cru-cam,MELHORES MOMENTOS: CRUZEIRO 0 X 0 ATLÉTICO-MG | BRASILEIRÃO 2025 | 9ª RODADA,"Na CazéTV, você acompanha tudo sobre o Paulistão, Europa League, Conference League, Brasileirão, NFL, Bundesliga, Ligue 1 ...",UCZiYbVptd3PVPf4f6eR6UaQ,CazéTV,2025-05-19T15:56:48Z,post_game,317597,3490,173,https://www.youtube.com/watch?v=t7WvX-jqjkk,"""Cruzeiro x Atlético-MG"" Campeonato Brasileiro"
9APmckpdOjE,2025-05-18-cru-cam,CRUZEIRO X ATLÉTICO-MG AO VIVO DO MINEIRÃO - 9ª RODADA DO CAMPEONATO BRASILEIRO 2025,"Cruzeiro #AlbertoRodrigues #SamucaTV O Cruzeiro recebe o Atlético-MG, às 20h30, no Mineirão, pela nona rodada da Série A ...",UC6pQ2mcqn2t8nTxiwQePtiA,Samuca TV,2025-05-19T03:59:05Z,post_game,552030,21929,6,https://www.youtube.com/watch?v=9APmckpdOjE,"""Cruzeiro x Atlético-MG"" Campeonato Brasileiro"
XKG9W6jyUTY,2025-02-09-cru-cam,CRUZEIRO 0 X 2 ATLETICO - GOLS E MELHORES MOMENTOS - CAMPEONATO MINEIRO 2025 - ASSISTA AGORA!,"aovivo #cruzeiroesporteclube #atleticomg Gol de Hulk no Cruzeiro, ⚽   Veja onde assistir AO VIVO Cruzeiro 0 vs 2 Atletico mg ...",UC7o348w0PS8593rnIAHE1vg,Rodrigo Gamer 18,2025-02-08T16:00:06Z,pre_game,5712,18,2,https://www.youtube.com/watch?v=XKG9W6jyUTY,Atlético Cruzeiro pré jogo 09/02/2025
3Vob2iGYDHY,2025-02-09-cru-cam,CRUZEIRO 0 X 2 ATLETICO - GOLS E MELHORES MOMENTOS - CAMPEONATO MINEIRO 2025 - ASSISTA AGORA!,"aovivo #cruzeiroesporteclube #atleticomg Gol de Hulk no Cruzeiro, ⚽   Veja onde assistir AO VIVO Cruzeiro 0 vs 2 Atletico mg ...",UC7o348w0PS8593rnIAHE1vg,Rodrigo Gamer 18,2025-02-07T16:30:06Z,pre_game,5825,10,0,https://www.youtube.com/watch?v=3Vob2iGYDHY,Atlético Cruzeiro pré jogo 09/02/2025
UKBH8GGPIxg,2025-02-09-cru-cam,Cruzeiro 0 X 2 Atletico-mg Melhores Momentos,CRVG #Galo #AoVivo ATLÉTICO X CRUZEIRO TRANSMISSÃO AO VIVO DIRETO DA ARENA MRV - MINEIRO 2025 Acompanhe ...,UCf75mecnf8cRN2CGDe_ggdg,Família Novais Games ,2025-02-09T16:53:40Z,pre_game,5084,19,0,https://www.youtube.com/watch?v=UKBH8GGPIxg,"""Cruzeiro x Atlético-MG"" Campeonato Mineiro"
ciuA8BqF-C4,2025-02-09-cru-cam,CRUZEIRO 0 X 2 ATLETICO - GOLS E MELHORES MOMENTOS - CAMPEONATO MINEIRO 2025 - ASSISTA AGORA!,"aovivo #cruzeiroesporteclube #atleticomg Gol de Hulk no Cruzeiro, ⚽   Veja onde assistir AO VIVO Cruzeiro 0 vs 2 Atletico mg ...",UC7o348w0PS8593rnIAHE1vg,Rodrigo Gamer 18,2025-02-09T15:30:06Z,pre_game,4290,21,0,https://www.youtube.com/watch?v=ciuA8BqF-C4,Atlético Cruzeiro pré jogo 09/02/2025
-iTCNBaUO_E,2025-02-09-cru-cam,CRUZEIRO 0 X 2 ATLETICO - GOLS E MELHORES MOMENTOS - CAMPEONATO MINEIRO 2025 - ASSISTA AGORA!,"aovivo #cruzeiroesporteclube #atleticomg Gol de Hulk no Cruzeiro, ⚽   Veja onde assistir AO VIVO Cruzeiro 0 vs 2 Atletico mg ...",UC7o348w0PS8593rnIAHE1vg,Rodrigo Gamer 18,2025-02-06T19:30:06Z,pre_game,2174,10,0,https://www.youtube.com/watch?v=-iTCNBaUO_E,Atlético Cruzeiro pré jogo 09/02/2025
JH3T4ofK3eI,2025-02-09-cru-cam,CRUZEIRO 0 X 2 ATLÉTICO-MG | MELHORES MOMENTOS | 7ª RODADA CAMPEONATO MINEIRO 2025 | gr.globo,"Com dois gols de Hulk, o Atlético vence o Cruzeiro. Confira os melhores momentos completos com mais replays em ge.globo: ...",UCgCKagVhzGnZcuP9bSMgMCg,ge tv,2025-02-09T21:12:12Z,post_game,1493220,34889,3214,https://www.youtube.com/watch?v=JH3T4ofK3eI,"""Cruzeiro x Atlético-MG"" 09/02/2025"
0z4h7ceTOCU,2025-02-09-cru-cam,Cruzeiro X Atlético Mineiro ⚽️🔥 #dublagem #futebol #cruzeiro #atletico #atleticomineiro #mineirão,,UCbJ0FUhM6roOzw6cM5eFPog,Gustavo Machado,2025-02-09T23:40:18Z,post_game,1249450,86811,1072,https://www.youtube.com/watch?v=0z4h7ceTOCU,"""Cruzeiro x Atlético-MG"" 09/02/2025"
iqyQOa9oprU,2025-02-09-cru-cam,CRUZEIRO X ATLETICO AO VIVO COM IMAGEM  - CRUZEIRO X ATLETICO AO VIVO - CAMPEONATO MINEIRO 2025,Cruzeiro x Atletico - mg ao vivo. Transmissão ao vivo direto do Mineirão pelo CAMPEONATO MINEIRO 2025. seja membro do ...,UCbqEUQTg0a3gR3X_nninkKQ,Canal 7sports,2025-02-09T22:16:08Z,post_game,770567,4469,25,https://www.youtube.com/watch?v=iqyQOa9oprU,"""Cruzeiro x Atlético-MG"" Campeonato Mineiro"
FE8316p96cQ,2025-02-09-cru-cam,CRUZEIRO X ATLÉTICO-MG AO VIVO DO MINEIRÃO - 7ª RODADA DO CAMPEONATO MINEIRO 2025,"Cruzeiro #SamucaTV #AlbertoRodrigues O Cruzeiro enfrenta o Atlético-MG, às 16h, no Mineirão, pela sétima rodada do ...",UC6pQ2mcqn2t8nTxiwQePtiA,Samuca TV,2025-02-09T23:34:57Z,post_game,610703,18859,81,https://www.youtube.com/watch?v=FE8316p96cQ,"""Cruzeiro x Atlético-MG"" Campeonato Mineiro"
JSvLAZ_eWTs,2025-02-09-cru-cam,VITÓRIA DO GALO EM PLENO MINEIRÃO LOTADO DE CRUZEIRENSES/ Cruzeiro 0 x 2 Atlético-MG,Fui no jogo Cruzeiro 0 x 2 Atlético-MG pelo Campeonato Mineiro 2025 no Mineirão com vitória do Galo com dois gols de Hulk e ...,UCZHCaC9ZsDjMMQ4w7V8H3Ig,Futebol pelo Mundo,2025-02-10T13:50:08Z,post_game,199723,17049,1439,https://www.youtube.com/watch?v=JSvLAZ_eWTs,"""Cruzeiro x Atlético-MG"" Campeonato Mineiro"
